contrast_0,contrast_45,contrast_90,contrast_135,dissimilarity_0,dissimilarity_45,dissimilarity_90,dissimilarity_135,homogeneity_0,homogeneity_45,homogeneity_90,homogeneity_135,energy_0,energy_45,energy_90,energy_135,correlation_0,correlation_45,correlation_90,correlation_135,label
803.3084865,795.2419839,98.44335172,879.843045,10.23982843,10.15514033,2.341390931,10.77004229,0.736487059,0.7357061,0.8116966,0.734536086,0.718946457,0.719026431,0.727316762,0.718963655,0.912950187,0.913987253,0.989321822,0.904836869,dress
534.0518382,597.5215994,290.3042892,770.9202614,6.830667892,7.188589004,4.332598039,8.755186467,0.745200858,0.740355017,0.7888672,0.735318186,0.708380618,0.706173471,0.710644255,0.705439891,0.942620369,0.935981109,0.968809267,0.917403053,dress
248.8365502,404.1661669,230.1854013,413.1230604,5.234375,7.363214148,5.307552083,7.342668205,0.734877296,0.722852737,0.740448158,0.724771668,0.702288284,0.701195809,0.706663001,0.701226823,0.972307095,0.955145531,0.974384681,0.954151492,dress
441.0563419,503.2654825,189.1140625,514.7581699,5.290349265,5.842675894,3.43817402,5.844675125,0.828306886,0.827346769,0.846051754,0.825452278,0.80988175,0.810342566,0.816201516,0.810326932,0.935551652,0.926699394,0.972365158,0.925025484,dress
305.6475184,350.2554095,106.0275123,366.5466513,4.84252451,5.238600538,2.218658088,5.366951173,0.810399111,0.808210318,0.852431499,0.80663618,0.793302423,0.792382985,0.799352043,0.79216829,0.955456928,0.949117918,0.984548243,0.946751267,dress
323.1492341,354.8350788,89.1279565,346.9737947,4.533547794,4.783836986,2.338128064,4.778239139,0.845719263,0.84405787,0.863251364,0.84482693,0.834098214,0.83376901,0.841495984,0.834074987,0.942981101,0.937571359,0.98426639,0.93895445,dress
644.0557598,740.7981084,265.7437653,736.9013303,9.700735294,10.71404844,6.317754289,10.72019992,0.643744208,0.638126466,0.666225667,0.636015586,0.608105281,0.606804022,0.613616804,0.606790777,0.9452063,0.937121531,0.977392112,0.937452287,dress
462.1091912,529.4448289,142.2845282,542.0835986,6.390900735,6.877723952,2.81752451,6.970026913,0.774021114,0.767914285,0.804647046,0.768975435,0.740894249,0.739186102,0.74439523,0.739125251,0.94776741,0.940324244,0.983914508,0.938899679,dress
586.4469056,717.0047213,321.5631127,779.2752018,8.851930147,10.11604767,6.203952206,10.64547482,0.693957603,0.690283899,0.721625556,0.688062171,0.669464777,0.668960647,0.678478024,0.668760218,0.941197002,0.928260718,0.967742905,0.922030299,dress
168.9776654,249.1321492,119.8973652,228.0361092,3.11127451,3.856824298,2.504564951,3.741730104,0.883443717,0.881207776,0.893013932,0.882176321,0.875702526,0.875137173,0.879679078,0.875244773,0.960780974,0.942379778,0.972172311,0.947258949,dress
418.5794424,403.7301653,140.4915748,553.6044906,5.580238971,5.748558247,2.662867647,6.490519031,0.776487141,0.768094489,0.835420842,0.765192903,0.726079192,0.726344358,0.733783009,0.725102516,0.953989855,0.955711275,0.984543223,0.939270238,dress
220.0976103,325.0307113,181.6699449,335.3483122,5.131893382,6.2672203,4.380698529,6.253102653,0.753786625,0.747000702,0.75803143,0.747256766,0.729606415,0.727822611,0.730708969,0.727453614,0.974232643,0.962056797,0.978731462,0.960852349,dress
212.1688113,302.5880815,137.0965686,312.7438062,3.590410539,4.483967705,2.682291667,4.633233372,0.856303131,0.851679721,0.871187917,0.85069127,0.838365927,0.837730869,0.843695186,0.837637546,0.962222991,0.946305713,0.975589729,0.944503578,dress
335.1954044,408.176286,145.8757506,388.129258,4.583088235,5.455732411,2.808501838,5.309357939,0.814676974,0.797193838,0.837795316,0.79912231,0.746538975,0.746250361,0.754793097,0.746664786,0.956698314,0.947328945,0.981121501,0.949915813,dress
372.9213235,456.9279662,154.3614124,450.332872,5.845404412,6.513971549,3.181786152,6.495178777,0.79000797,0.787955523,0.814540034,0.788489011,0.772955753,0.772875612,0.778668084,0.773105087,0.950098461,0.938984983,0.979323708,0.939865647,dress
340.3486213,381.8233602,137.2949142,437.3284737,5.315012255,5.722568243,2.935784314,6.082983468,0.817525592,0.815590134,0.841410026,0.81500638,0.805442958,0.804739328,0.810528456,0.804416789,0.949167745,0.943158721,0.979494525,0.934895786,dress
333.7703431,411.9965859,164.8785233,414.6168704,5.200183824,5.863160323,3.306464461,5.710480584,0.809731769,0.809234673,0.827579727,0.808702773,0.793173153,0.793506395,0.797467162,0.793215325,0.953964681,0.94335992,0.977259851,0.942999691,dress
271.0660846,339.4488889,116.5764706,336.6453825,4.535018382,5.133564014,2.658731618,5.239892349,0.813369491,0.803699399,0.836834298,0.802246104,0.772088436,0.770082953,0.776408247,0.770387786,0.965176678,0.956497521,0.985013482,0.956856808,dress
374.9471814,428.3593849,129.6537837,442.7761784,6.859068627,7.210626682,3.358011642,7.301453287,0.700694127,0.698164665,0.752679142,0.698678463,0.666299928,0.666013712,0.670340915,0.665801836,0.962958845,0.957793944,0.987192229,0.956373464,dress
588.4717525,614.5247674,343.3632813,713.3553095,8.350306373,8.725767013,6.197962623,9.271803153,0.727664439,0.726601357,0.755084412,0.723910532,0.703629137,0.703534029,0.711292361,0.702996722,0.939307268,0.936704078,0.964533478,0.926524553,dress
494.315962,601.3961707,154.3279105,561.665544,5.968627451,6.725690119,2.183792892,6.419807766,0.797962513,0.792926445,0.858954552,0.794061573,0.775538255,0.774013391,0.78208268,0.774228373,0.936027516,0.922414405,0.980027471,0.927540019,dress
281.6118873,309.3302268,58.33627451,310.044506,4.565073529,4.882337562,1.780974265,4.902760477,0.781305953,0.775106338,0.830755335,0.7747676,0.741199202,0.741330859,0.750194961,0.741299862,0.964684068,0.961281127,0.992676632,0.961191721,dress
295.9703125,424.0394002,197.0661765,337.9496194,4.828707108,5.742437524,3.707720588,5.168719723,0.822301582,0.820533493,0.835597569,0.82260231,0.809782816,0.809169076,0.815702164,0.810181978,0.951697411,0.931021079,0.967838965,0.945025391,dress
286.920527,367.909281,102.241345,318.4265283,5.326133578,6.07893887,2.419132966,5.653933103,0.790139917,0.786084245,0.830856354,0.788363693,0.774461386,0.773466515,0.779551741,0.773359199,0.960865779,0.949975112,0.986055312,0.956703317,dress
468.6553309,511.8890581,148.2767463,518.3547251,5.354901961,5.742314494,2.90435049,5.825759323,0.840089614,0.837553855,0.861495658,0.837678152,0.825752895,0.825175788,0.832034249,0.825206527,0.924783442,0.918118887,0.976202412,0.917084647,dress
221.6215686,263.3973702,93.17564338,286.7089889,3.630606618,4.04201461,2.095588235,4.223421761,0.850589933,0.846201204,0.868292922,0.84581117,0.831282445,0.83055743,0.836522301,0.830527133,0.960018536,0.9526398,0.983190722,0.948448251,dress
377.8699142,490.6579316,175.4719669,461.6449673,6.085784314,7.139346405,3.024785539,6.84509035,0.719028185,0.70331915,0.80360981,0.702352616,0.665824242,0.662834787,0.669210507,0.662819775,0.96426868,0.953724043,0.983407398,0.956460374,dress
286.9761029,341.9737793,90.11481311,326.3158631,5.421017157,5.984267589,2.490272672,5.879415609,0.782175839,0.778615794,0.817995887,0.779055465,0.761142477,0.760801303,0.767363206,0.760985211,0.963505403,0.956639351,0.988538917,0.958624701,dress
396.0890931,478.9707343,146.9311581,477.8426451,4.601072304,5.434340638,2.466758578,5.480261438,0.828079202,0.817781118,0.862241965,0.817518424,0.78941891,0.788772128,0.798605545,0.788834725,0.941802014,0.92976452,0.978386129,0.929929941,dress
350.1502757,460.2998539,135.3340993,366.9097732,4.521691176,5.321860823,2.246415441,4.614717416,0.816102873,0.811088156,0.860866314,0.812782342,0.782714125,0.781637954,0.788579691,0.782130823,0.952836243,0.93819593,0.981771198,0.950735336,dress
195.3572917,297.6425836,172.7721354,300.3159862,4.40903799,5.775824683,4.241099877,5.720338331,0.80237368,0.791533896,0.807902929,0.793963631,0.779750454,0.778622285,0.785039837,0.779250961,0.97358826,0.959887633,0.976642467,0.959527347,dress
369.0132353,536.3104037,221.4105699,454.4494271,5.643933824,7.192648981,4.518566176,6.634186851,0.767863554,0.758666945,0.779137124,0.75834696,0.735881732,0.735395873,0.741458004,0.73547232,0.958522765,0.939715289,0.975038222,0.948916985,dress
364.1873468,421.5964321,153.9040135,429.2394002,5.863357843,6.429311803,3.406709559,6.329165705,0.771083713,0.767274585,0.791173998,0.76841738,0.752672707,0.751073384,0.757254079,0.751166692,0.955503304,0.948644009,0.981195887,0.947712995,dress
349.3115196,451.0849981,184.57019,400.7465744,4.862898284,5.812841215,3.510079657,5.384175317,0.799269931,0.792224173,0.813518456,0.794438522,0.774346729,0.77315083,0.777434495,0.773750072,0.954218837,0.941063473,0.97581019,0.947640441,dress
401.4576287,564.3510957,257.3537684,540.2031834,5.991145833,7.435909266,4.495741422,7.295409458,0.766186094,0.756165328,0.785881142,0.75656619,0.736647929,0.733350608,0.737673082,0.733197921,0.954128688,0.935707289,0.970594269,0.938458297,dress
377.3443934,440.6376624,126.3494485,395.3361015,5.450520833,5.88804306,3.09966299,5.673417916,0.81248799,0.812809065,0.835151736,0.813575798,0.799066649,0.799652536,0.808466543,0.800190366,0.945106527,0.935950361,0.981574453,0.942535246,dress
459.9313725,512.5719185,189.3418964,564.9216609,7.092034314,7.623052672,3.987576593,7.989342561,0.719069188,0.709709378,0.771971128,0.710855862,0.670252722,0.670011798,0.677493232,0.669994231,0.953149435,0.947922803,0.980713077,0.94260408,dress
237.8359988,293.1137409,124.3581955,308.8378162,4.703921569,5.123983083,2.858685662,5.413656286,0.818998528,0.818029029,0.834339001,0.816229355,0.805306754,0.80486593,0.808675868,0.804374314,0.964695664,0.956562052,0.981510999,0.954231825,dress
194.6800245,218.6919646,67.93144914,246.5515571,3.73125,3.930872741,1.89453125,4.252226067,0.829202014,0.829366102,0.856151879,0.826648701,0.811206253,0.81167363,0.818049379,0.811781007,0.96977754,0.966137474,0.989446872,0.961823661,dress
372.6662071,397.6532103,202.5576287,496.5686121,6.3328125,6.598600538,4.389154412,7.686397539,0.686292815,0.676775008,0.725146018,0.667292946,0.620288725,0.618471004,0.622944306,0.618448569,0.967347295,0.965237166,0.982252068,0.956589984,dress
279.5715074,311.1069896,123.4970282,354.8923645,4.791697304,5.404782776,3.018811275,5.723214148,0.799123804,0.781597545,0.817227727,0.78125126,0.699498723,0.696002862,0.70548899,0.695982094,0.970166414,0.96689374,0.986821615,0.962234346,dress
329.2010723,464.9091734,257.2690104,478.635125,6.850153186,8.343975394,5.914813113,8.312971934,0.6303312,0.617683258,0.642264321,0.618969914,0.577311058,0.576123442,0.579740477,0.576046148,0.970012994,0.95773122,0.976565384,0.956483279,dress
406.653799,502.196955,222.8882813,490.6824298,7.895894608,8.557308727,5.243275123,8.684490581,0.624394818,0.617081827,0.649277292,0.616591044,0.569754348,0.568650554,0.572493078,0.56834298,0.966475118,0.958676526,0.981622635,0.959624003,dress
356.3181679,403.7921415,153.1165135,463.2989158,5.742156863,6.173564014,3.01942402,6.593556324,0.761294412,0.756274938,0.810471597,0.754554106,0.725294423,0.72445694,0.729672934,0.724071931,0.958858159,0.9535104,0.982320995,0.946659236,dress
394.8257659,438.0540254,93.71352635,423.4540408,5.309497549,5.704836601,1.985033701,5.647227989,0.80058808,0.795384096,0.859414329,0.797194863,0.776314147,0.775511667,0.784766251,0.776062733,0.946952703,0.941216057,0.987384936,0.943175278,dress
201.6112132,271.2879354,149.2892157,311.0297578,4.006832108,4.73408689,3.168596814,5.161276432,0.825835126,0.819110879,0.837864212,0.817143849,0.806868128,0.804296784,0.807850229,0.803666166,0.968904315,0.958291549,0.976974245,0.952181547,dress
361.9695466,450.2937793,125.0318168,406.8818608,5.624356618,6.468296809,2.763495711,5.981314879,0.796053337,0.791111274,0.825722277,0.792410266,0.777261681,0.776049156,0.783279819,0.776188708,0.951647778,0.940038498,0.983298379,0.945819266,dress
700.7536152,859.0031526,637.2773591,888.7512188,11.04929534,12.44462899,10.21280637,12.58777393,0.650266628,0.648961434,0.668413396,0.649472195,0.626805783,0.627187434,0.632594238,0.626863628,0.934613146,0.919812452,0.940372121,0.917035484,dress
438.0211857,547.3262899,235.0571844,518.2634064,8.829028799,9.893364091,5.339721201,9.375101884,0.59226919,0.582155169,0.663799284,0.585730919,0.537501308,0.535082536,0.538189039,0.534729387,0.965929446,0.957508808,0.981719345,0.959765112,dress
261.9693934,326.9303499,89.43756127,301.3585544,3.886243873,4.452995002,1.919546569,4.319938485,0.834074271,0.82742637,0.868477601,0.828411709,0.803843046,0.803970676,0.814345727,0.804186307,0.959151458,0.949112215,0.986033482,0.95309255,dress
294.2248775,369.451534,133.4745711,331.9453441,4.470343137,5.190096117,2.653676471,4.91964629,0.83206812,0.828040997,0.856434825,0.829700227,0.816994051,0.81660909,0.827615954,0.816685728,0.95268499,0.940784949,0.978535722,0.946796376,dress
444.5980086,509.670496,98.65398284,486.6144406,6.922702206,7.604890427,2.660692402,7.378454441,0.788532215,0.783574311,0.822337531,0.784184974,0.77460502,0.772479766,0.778545951,0.772464187,0.943535154,0.935472758,0.987470745,0.938391788,dress
527.1768689,661.5748097,246.8854473,596.1544637,7.828400735,8.899377163,4.353584559,8.176732026,0.685096081,0.679935148,0.727261315,0.682194337,0.643097665,0.642513152,0.648127815,0.642835965,0.952257942,0.940175969,0.977618887,0.946091715,dress
206.7816176,287.5697962,138.8715686,269.1889273,3.606280637,4.330334487,2.752757353,4.228681276,0.848934695,0.841894833,0.86828838,0.842082621,0.819620673,0.81783578,0.821724145,0.818097216,0.966672502,0.953805043,0.977618355,0.95675773,dress
234.8694853,330.8404614,242.1873009,335.212103,5.873958333,6.972718185,5.533134191,6.85620915,0.705326686,0.699545637,0.718206027,0.699273053,0.666355595,0.664737434,0.669237525,0.66473696,0.977908787,0.968966683,0.977222858,0.968556616,dress
193.0259498,257.0016455,81.46268382,220.4046136,4.260508578,5.024775087,2.387530637,4.422268358,0.787370402,0.784401608,0.814653087,0.78455476,0.761454458,0.759979215,0.766297285,0.759966114,0.976379555,0.9686478,0.990031537,0.973112353,dress
222.7020221,273.838985,68.84001225,255.6720031,3.931525735,4.585713187,1.96473652,4.216193772,0.828934323,0.824296022,0.852441113,0.825948825,0.810099869,0.809108362,0.816295908,0.809308376,0.965126845,0.957259098,0.989220267,0.960094608,dress
289.2376838,359.0940561,116.1839001,343.4377086,4.828737745,5.390188389,2.624004289,5.352202999,0.787912552,0.782795449,0.812773321,0.783682767,0.759433897,0.758366873,0.762835723,0.758674493,0.96438977,0.955911149,0.985691451,0.957833404,dress
364.0378064,418.4760631,116.7147672,406.76792,5.281556373,5.817239523,2.589828431,5.68839677,0.799186087,0.79333151,0.834821819,0.793666502,0.769889035,0.768676374,0.776312596,0.768983834,0.952847371,0.94596412,0.984882469,0.947475939,dress
210.1351716,255.464729,78.30545343,225.0580546,3.881893382,4.56839677,2.152205882,4.19100346,0.783306215,0.768787961,0.817067235,0.770644784,0.715686801,0.715430287,0.723868564,0.715798891,0.975015274,0.969688557,0.990683334,0.973296375,dress
392.1956801,517.7174933,173.9246936,486.149481,5.800183824,6.832387543,2.803339461,6.60650519,0.782590574,0.776015744,0.837152536,0.776020622,0.75911053,0.757719383,0.764540126,0.757796031,0.952021541,0.936860883,0.978723578,0.940710814,dress
671.4397978,874.4320953,353.8014859,578.1137562,8.845159314,10.5436832,5.413679534,8.173640907,0.617675611,0.595488467,0.662391075,0.606684326,0.521726131,0.520361252,0.524123898,0.521643228,0.949182097,0.933873502,0.973198266,0.956281753,dress
337.3218444,443.0972395,252.545098,500.1423453,6.230943627,7.298085352,5.040747549,7.589850058,0.688136592,0.682106623,0.706631677,0.680292881,0.651689448,0.649187882,0.652792231,0.649278423,0.968366917,0.958551204,0.976317039,0.953215014,dress
264.6193321,313.3027451,108.9897825,280.2503499,4.904840686,5.321845444,3.088802083,5.084951942,0.799016262,0.798089263,0.820348626,0.799029803,0.784513452,0.784539998,0.791207473,0.784984878,0.959803086,0.952510581,0.983428761,0.957520557,dress
284.8237439,311.3101884,119.5702972,389.7398078,4.175582108,4.497147251,2.369715074,4.905759323,0.834405461,0.831389338,0.865103034,0.829135031,0.810850556,0.810932455,0.816577429,0.810195265,0.957217785,0.953393945,0.982040089,0.941652295,dress
592.4676164,691.354233,333.2990349,691.9878047,10.2801777,11.25780854,7.422104779,11.28044598,0.642262607,0.635072693,0.658531484,0.636129709,0.614198728,0.611752871,0.618661316,0.612029736,0.945821772,0.936919743,0.969521293,0.936861935,dress
333.5656556,420.2188082,144.5391238,415.697501,5.312591912,6.127981546,3.0375,5.931872357,0.772914056,0.766486754,0.798332653,0.769510588,0.744363556,0.743679057,0.749371311,0.743341761,0.960405558,0.950266749,0.982842385,0.950801849,dress
380.0605392,453.5274587,148.4398438,470.4171165,5.049080882,6.026097655,3.24676777,6.219469435,0.784673257,0.770215217,0.807330109,0.768806558,0.738189809,0.737866328,0.746941588,0.737911327,0.95692673,0.948642185,0.983140252,0.946729587,dress
501.2237439,491.8489196,96.82113971,601.8465821,7.31528799,7.250811226,2.471783088,8.172856594,0.739082001,0.736489567,0.788244755,0.732239983,0.713563205,0.712181318,0.720774909,0.711690983,0.946911501,0.948013113,0.989736848,0.936386706,dress
382.9910233,495.3063437,169.5407016,408.7122645,6.710723039,7.743283353,3.614690564,6.984405998,0.712087415,0.703835977,0.768772654,0.704571121,0.674377302,0.672929145,0.677990568,0.672544996,0.95957496,0.947844766,0.982102324,0.956963031,dress
922.912163,993.7369319,367.7967831,1098.937824,13.26219363,13.42809689,7.206862745,14.27088043,0.549612655,0.552099096,0.601651427,0.547052418,0.50892333,0.508592735,0.516453744,0.508378378,0.930341585,0.925106668,0.972236502,0.917178212,dress
730.9990502,866.3293656,239.821921,737.6836448,9.761856618,11.23323337,5.31416973,9.857885429,0.642556399,0.634833856,0.672538215,0.635827356,0.600549948,0.599806363,0.604880585,0.599991738,0.939347599,0.928228502,0.980087297,0.938886222,dress
283.5884498,330.337747,91.96838235,327.9842522,3.669240196,4.11337178,1.783057598,4.106912726,0.874885204,0.868636985,0.899204476,0.868640971,0.842752709,0.842039076,0.849171936,0.841992414,0.950587704,0.942636458,0.983975038,0.943045145,dress
358.9899816,454.9143099,181.3589614,445.0844598,6.70557598,7.598477509,4.464629289,7.472402922,0.683223356,0.678611674,0.710602944,0.679008277,0.654226081,0.65264039,0.658855081,0.653021855,0.963844806,0.954261964,0.981721218,0.955250278,dress
178.4331495,194.1978008,43.03333333,207.8296655,4.517830882,4.744267589,1.556709559,4.895317186,0.78374845,0.781213718,0.830061233,0.779593107,0.765311748,0.763990621,0.770316302,0.763945638,0.977665457,0.975767166,0.994613551,0.974066123,dress
168.2015319,203.4577163,43.83385417,187.4114879,3.125214461,3.540699731,1.414185049,3.316047674,0.845906061,0.84279499,0.876361375,0.843535046,0.829869083,0.828633838,0.834761762,0.828756279,0.972458094,0.966796668,0.992822492,0.969415336,dress
360.1868873,430.3865436,165.412546,425.0691119,4.741329657,5.258392926,3.028324142,5.422852749,0.808583592,0.80324049,0.829930688,0.802032055,0.777225593,0.776455901,0.78217088,0.776503907,0.95360894,0.944742785,0.978695449,0.945425489,dress
399.1601409,446.6716955,159.9270987,440.3678739,7.336672794,7.706435986,3.993581495,7.622222222,0.648358733,0.640031978,0.69031259,0.639175727,0.605152311,0.60347741,0.606921254,0.603630357,0.966607684,0.962717796,0.986621123,0.963243955,dress
559.1379289,652.7356094,291.6517616,594.0688812,9.052205882,9.749219531,6.377496936,9.261407151,0.666837924,0.664750251,0.698460348,0.666850593,0.642443619,0.641799908,0.650432888,0.641988501,0.946539541,0.937655226,0.97207558,0.943258664,dress
319.160386,351.4137332,62.31770833,373.4745406,5.557107843,5.985728566,1.783609069,6.227081892,0.80212433,0.794776996,0.856285803,0.794423995,0.781817508,0.779111433,0.785210904,0.778743816,0.955904871,0.951600581,0.991390199,0.948562196,dress
195.5322304,244.8985313,79.476394,254.6116263,3.486764706,3.949727028,2.103599877,4.019084967,0.848589706,0.843184027,0.863828953,0.842270025,0.819816177,0.81873852,0.822741817,0.818631209,0.968947144,0.96123498,0.98737778,0.959697493,dress
371.6364277,444.3563091,121.78053,402.2936563,5.163878676,5.770995771,2.388219975,5.299792388,0.823375985,0.81904419,0.858806803,0.821051949,0.802951515,0.801869809,0.806859531,0.801870425,0.947315579,0.937210479,0.982735994,0.943154119,dress
409.7366422,574.0579469,264.3002451,562.028912,7.841911765,9.214763552,4.836060049,9.053225682,0.680508163,0.667708112,0.724659732,0.667996704,0.646111937,0.643467887,0.647009539,0.643529184,0.960219346,0.944399529,0.974339526,0.945564603,dress
240.7640319,269.4965936,68.70511642,277.3311188,4.051991422,4.370196078,1.780177696,4.285397924,0.830823725,0.829051608,0.863361541,0.829681416,0.81429975,0.814105982,0.819981631,0.813784218,0.960067226,0.955446954,0.988604669,0.954151754,dress
275.1576287,385.4682507,139.3136489,325.4619454,4.550827206,5.565290273,2.782215074,4.899423299,0.800187955,0.793465807,0.826055142,0.79710331,0.775141285,0.774286596,0.779043748,0.774657453,0.964447285,0.950335447,0.981994254,0.958066788,dress
410.2332721,589.8620992,319.8055913,659.5431449,6.634926471,8.804106113,6.439782475,9.368073818,0.703379079,0.688332301,0.705476195,0.686626198,0.661231873,0.660147238,0.665904681,0.659653301,0.961504943,0.94474137,0.969962748,0.938213609,dress
175.8054534,209.5941561,55.96387868,208.8588082,3.215563725,3.644044598,1.579381127,3.553002691,0.850051605,0.845674187,0.878990573,0.846370326,0.829769587,0.829146917,0.836868971,0.829162431,0.966383281,0.96005398,0.989298842,0.960194128,dress
579.0282782,731.1240292,321.2272978,735.0335102,8.460079657,9.679938485,6.030392157,9.725643983,0.763740706,0.760904608,0.774974643,0.760768428,0.751773699,0.75066117,0.756639534,0.750600583,0.931642473,0.913927462,0.962068047,0.913467213,dress
326.802114,411.7104806,246.3333333,428.184852,7.021017157,7.828219915,5.785906863,8.393971549,0.623222834,0.608807065,0.634807881,0.605453251,0.565700778,0.562501253,0.566970346,0.563023223,0.972786453,0.965781711,0.97948727,0.964412485,dress
285.6265012,360.970396,89.76295956,300.7742253,4.073958333,4.72922722,2.026194853,4.265836217,0.838285365,0.831045682,0.873120343,0.834284906,0.806637381,0.805520402,0.814390328,0.806394791,0.956316784,0.944973904,0.98627181,0.95415017,dress
537.3342984,584.456163,252.3178309,667.2725106,9.472564338,9.838123799,5.189246324,10.11606305,0.60148164,0.59931388,0.644718291,0.597604614,0.55963499,0.559522512,0.563599765,0.558907152,0.957492898,0.953839865,0.980032575,0.947299067,dress
242.5360907,290.6397232,111.3998775,324.1408381,4.031495098,4.568888889,2.538480392,4.860038447,0.829471068,0.828053805,0.849454837,0.824833485,0.814092286,0.813284976,0.818114959,0.812992363,0.962733755,0.955489012,0.982883145,0.950358372,dress
266.1559743,341.1677355,133.4729167,370.5573856,3.777941176,4.529734717,2.522273284,4.759861592,0.856050187,0.848757121,0.870606431,0.848712171,0.834900964,0.833747746,0.840036125,0.833609625,0.954130161,0.941373252,0.976986306,0.936322893,dress
469.4742953,593.0205152,178.7287531,553.9790081,6.244178922,7.165905421,2.836688113,6.881399462,0.789783409,0.784738809,0.835424076,0.783681071,0.760163885,0.75940079,0.764922848,0.759432783,0.942802502,0.927966128,0.978223165,0.932708478,dress
615.138848,692.4153018,310.1298866,732.8622684,7.093780637,7.458254517,4.221583946,7.693087274,0.758647345,0.756873446,0.808637038,0.755048108,0.716145018,0.716506144,0.720966417,0.71633786,0.934743938,0.926637321,0.967046705,0.92235189,dress
504.5375306,598.653441,298.9567402,600.1343176,7.121691176,7.968012303,5.171783088,7.998185313,0.800699961,0.798549125,0.819942949,0.798823673,0.790748952,0.790905486,0.800392091,0.790812968,0.927030888,0.913660886,0.956745801,0.913447311,dress
413.9768382,450.6999308,113.3443781,485.3359938,6.027757353,6.367750865,2.35479473,6.571610919,0.779886846,0.77698361,0.837540472,0.777235608,0.759445654,0.758851228,0.765924694,0.758714076,0.94583258,0.941178143,0.985162681,0.936657713,dress
531.3564032,755.8027374,318.1190104,623.8744022,7.767647059,9.37905421,5.073391544,8.241522491,0.720474163,0.71230281,0.758922554,0.714509137,0.687577137,0.685201285,0.689824735,0.685078906,0.945889794,0.923242744,0.967605116,0.936641024,dress
213.5002604,286.6178393,162.3144148,341.2780008,4.284175858,4.913971549,3.581663603,5.378915802,0.811794108,0.807807164,0.821344021,0.80437997,0.788855262,0.78688862,0.789132272,0.785642996,0.970944323,0.961117294,0.977910307,0.953702116,dress
615.5624081,753.26213,438.7283088,850.5770396,11.18866422,12.61680892,9.185998775,13.43326413,0.578336976,0.570391817,0.592989803,0.570445453,0.548246104,0.545432485,0.553026345,0.545353788,0.950064948,0.939008485,0.964410124,0.931128913,dress
352.6582108,408.5677662,141.6029871,448.0124414,4.817922794,5.272172241,2.38638174,5.450811226,0.833077438,0.830550823,0.872583496,0.830602304,0.818584718,0.817458624,0.82329866,0.817397231,0.945629801,0.937168399,0.978151041,0.931102399,dress
396.7726409,497.7584929,267.6024203,532.6766628,6.988541667,7.874171473,5.487316176,8.231695502,0.735077897,0.728472459,0.745943474,0.728467551,0.704398689,0.703310197,0.706660014,0.703309067,0.95932309,0.949113665,0.972565839,0.945543947,dress
398.3462316,508.4602537,236.4700674,449.2692042,7.7015625,8.812118416,5.157414216,8.164183007,0.665613172,0.662980919,0.707678867,0.663492089,0.625440348,0.625581539,0.629793099,0.625736945,0.96163639,0.951103077,0.977207744,0.956795283,dress
276.4287377,323.215917,117.8702665,289.8881507,5.045373775,5.431526336,3.22958027,5.195678585,0.798627939,0.797535399,0.81818878,0.798257098,0.784514621,0.784571254,0.791299224,0.785001253,0.957991862,0.95098731,0.982070959,0.956041156,dress
335.0064338,382.0153787,191.7847733,459.0373241,5.655422794,6.110788158,3.9515625,6.907128028,0.66472371,0.652867731,0.722400393,0.649010437,0.583603705,0.58336546,0.589790642,0.583044315,0.97009654,0.965924278,0.982858649,0.959053931,dress
409.8658395,495.4340331,249.8223039,583.3539408,4.433210784,5.11218762,3.185569853,5.784821223,0.828500465,0.816609928,0.856079626,0.814899702,0.785965242,0.783516061,0.788495657,0.783378571,0.946144691,0.935108032,0.967173997,0.923592279,dress
256.9528186,300.5360092,76.25496324,304.0115033,3.935723039,4.322768166,1.776378676,4.438662053,0.846223278,0.841662514,0.873976453,0.840500924,0.826162144,0.82503348,0.830614816,0.825124814,0.958044436,0.951091713,0.987548998,0.950526122,dress
360.2890625,440.8680046,186.8930147,446.8343253,6.563664216,7.261514802,4.178063725,7.45953095,0.671513544,0.664162799,0.707787117,0.662098911,0.626592461,0.625426296,0.630973995,0.625366807,0.966465647,0.959047979,0.982599027,0.95849377,dress
323.1788297,402.837078,92.61227022,310.5684737,5.740410539,6.512710496,2.601179534,5.605520953,0.738779078,0.73437937,0.785903589,0.73974515,0.708456506,0.707999636,0.715320865,0.708691705,0.962586331,0.953420685,0.989262085,0.964089535,dress
811.9440564,808.0425221,64.42308517,874.269727,8.941237745,9.048227605,1.485799632,9.422268358,0.808324347,0.806780003,0.882345863,0.805740868,0.799259506,0.798669209,0.805428576,0.7982403,0.887142917,0.888048995,0.991045502,0.878873485,dress
791.4792279,962.1428374,409.5332414,994.0362015,11.88884804,13.15395617,6.612101716,13.20744329,0.601024072,0.586278454,0.652610892,0.587296913,0.54244627,0.539627671,0.542062148,0.539568156,0.938363705,0.925208915,0.968107676,0.92272972,dress
243.4053002,283.9706574,93.57331495,274.6836755,3.272671569,3.672464437,1.855698529,3.598062284,0.867915599,0.86027095,0.892019165,0.860419143,0.837973425,0.83693731,0.842515227,0.837120977,0.956561425,0.949492166,0.983300727,0.951143975,dress
358.8252757,437.8518724,169.7629596,437.6751096,5.800582108,6.528135333,3.781004902,6.497593233,0.771336297,0.768314692,0.791480205,0.768355026,0.754365219,0.753339215,0.760303704,0.753277971,0.953926968,0.943864486,0.978170117,0.943887148,dress
97.74730392,150.6711572,66.1754902,147.2293733,2.45189951,3.424898116,2.008517157,3.378116109,0.785763816,0.751047004,0.810706329,0.748476761,0.648159106,0.644287452,0.651014793,0.644400859,0.990994998,0.986153818,0.993903562,0.986470107,dress
656.360386,793.3126182,406.5285999,819.3463283,9.370496324,10.38153018,6.549188113,10.67098808,0.628408872,0.614735643,0.665790675,0.613548666,0.564724112,0.562039223,0.564250176,0.562313477,0.946706884,0.935711337,0.966992117,0.933601611,dress
351.6615196,409.0831219,119.0233456,437.9913264,5.27846201,5.80828912,2.156617647,6.000338331,0.811786444,0.806877186,0.866246577,0.806482787,0.793959914,0.792340803,0.799906081,0.792340223,0.950342278,0.942419308,0.983192952,0.93835032,dress
409.2551164,489.3964168,180.8840686,497.9721646,5.638235294,6.30745098,2.991819853,6.401261053,0.816686955,0.808845048,0.850920384,0.808352491,0.786461932,0.785116109,0.792657008,0.784931945,0.943541725,0.932698832,0.975046366,0.931519507,dress
497.5749081,667.708912,386.7750613,680.2411995,8.41908701,9.520799692,6.342647059,9.689565552,0.613463831,0.606311468,0.653907459,0.60431616,0.571228376,0.567937315,0.570346941,0.567890551,0.958335501,0.944200448,0.967613341,0.943153141,dress
386.2147672,409.3532488,154.6342984,454.7001153,6.179258578,6.396355248,3.767478554,6.804752018,0.788300907,0.788164849,0.811324201,0.786300827,0.773218784,0.773487639,0.782297622,0.773240554,0.945584458,0.942498567,0.978211576,0.936128739,dress
251.9560968,308.8794771,126.0145527,302.2176086,6.162928922,6.691826221,3.225275735,6.711295656,0.699750135,0.696674882,0.740698575,0.694473804,0.671501714,0.669187536,0.673936195,0.668941046,0.976007909,0.970665408,0.988000478,0.971298092,dress
408.9239277,438.5912495,126.015962,473.9704421,5.605147059,5.922829681,2.705147059,6.114448289,0.838544874,0.836453563,0.861589758,0.837142044,0.829825257,0.829095602,0.838225274,0.82912652,0.929131276,0.924244631,0.978160829,0.918133784,dress
573.1532169,727.4651903,247.929565,621.0887197,6.817984069,7.857070358,3.617738971,7.077216455,0.778993234,0.772996515,0.80962608,0.776159295,0.753428894,0.752196751,0.757751506,0.752429759,0.933393039,0.915717489,0.971187748,0.928042032,dress
547.1817096,660.0696963,260.5068934,659.3509881,7.409375,8.410119185,5.224601716,8.424636678,0.713704405,0.701900686,0.729956292,0.701052811,0.675633554,0.672324755,0.678643893,0.672278962,0.94788702,0.937301102,0.975189612,0.937369371,dress
382.0066176,435.6090734,103.2151042,435.7902345,6.253155637,6.840199923,2.678247549,6.861053441,0.729268087,0.723080791,0.768852485,0.722293545,0.69811048,0.695855759,0.701035113,0.695701421,0.959098879,0.953485976,0.988948847,0.953466632,dress
249.3960172,307.7535256,93.39790135,304.8286198,3.945251225,4.583144944,2.088924632,4.533748558,0.847674119,0.843380341,0.868845891,0.843989916,0.833962319,0.833141356,0.841084507,0.833096765,0.954118003,0.943570794,0.982817467,0.944107101,dress
366.3984375,428.2753556,87.54257047,392.6377086,5.027971814,5.566397539,2.001363358,5.331380238,0.815999993,0.811321072,0.859976095,0.812741425,0.795790665,0.795262033,0.806525607,0.79529392,0.948069984,0.939475954,0.987588175,0.944512281,dress
384.6937806,454.2709112,243.4366115,466.7442368,6.129411765,6.812149173,4.889675245,6.86212995,0.786680929,0.784336444,0.798454563,0.784469906,0.771997552,0.771579021,0.777574592,0.771531872,0.947840394,0.93848606,0.966934435,0.936797017,dress
386.702451,502.3618916,283.2105086,459.3801769,6.461703431,7.379592464,5.287040441,7.022529796,0.798408552,0.79568204,0.806295317,0.796998186,0.787082943,0.786153899,0.791213363,0.786538774,0.947219288,0.931650137,0.961345154,0.937498101,dress
325.0122855,349.4279739,36.70278799,338.9290273,5.179901961,5.427727797,1.28036152,5.375809304,0.835176093,0.833821303,0.87909224,0.833416817,0.824997781,0.823851489,0.831511777,0.824096394,0.946859846,0.94305777,0.993999021,0.944768661,dress
381.4689032,406.6931334,76.02915135,428.8786621,5.603982843,5.85751634,1.725873162,6.020961169,0.786914238,0.783760214,0.855854401,0.783276292,0.764439029,0.763239041,0.772184488,0.763237485,0.94897569,0.9457616,0.989829672,0.942802839,dress
450.5022365,441.6621146,142.8214001,547.9176163,7.391881127,7.389296424,3.431418505,8.055194156,0.682503909,0.682311613,0.725489228,0.680993563,0.649154851,0.648019938,0.65139447,0.64799038,0.958629676,0.959543746,0.986884514,0.949810741,dress
480.4941789,588.7034987,200.5951134,556.7200769,5.558792892,6.566074587,3.13549326,6.210611303,0.775586599,0.759006866,0.814284615,0.762576767,0.694571765,0.693540675,0.701995844,0.693695323,0.95172277,0.940928241,0.97981606,0.944137526,dress
279.7918505,377.5028989,129.535386,314.1164475,5.477113971,6.620192234,3.205821078,5.766951173,0.747678916,0.736702052,0.779634503,0.738857426,0.704098307,0.703055572,0.707624291,0.703056087,0.969294654,0.95861028,0.985758799,0.965560021,dress
244.0502145,355.1682276,169.2440564,307.0660515,5.81182598,6.84899654,3.802634804,6.324521338,0.722158326,0.715414122,0.753040583,0.716574071,0.694754934,0.692527837,0.696536611,0.692558593,0.974236393,0.96260591,0.982133442,0.967670375,dress
164.414951,206.1074048,64.48140319,210.6352941,2.903002451,3.357262591,1.510232843,3.328842753,0.820094706,0.816021257,0.866339779,0.813876231,0.783108022,0.781458029,0.787266521,0.781672243,0.978264236,0.972838364,0.991475516,0.972241661,dress
653.2032169,680.0537486,357.2435815,898.5616763,7.709681373,7.857670127,5.060922181,9.57716263,0.717941869,0.712702906,0.748962284,0.703773851,0.670654114,0.670246363,0.675552272,0.669231191,0.938387455,0.935954266,0.966266471,0.915375745,dress
776.0319547,948.8304498,577.0538603,1003.113849,10.81384804,11.82705113,8.796017157,12.25740869,0.647057466,0.639973565,0.655792003,0.639199151,0.61284058,0.609566389,0.614349265,0.609703036,0.932535471,0.917698797,0.949833681,0.912990275,dress
568.7526042,719.2698654,323.5346048,711.2170242,9.616023284,11.07686275,6.841283701,10.94279123,0.662076383,0.657780336,0.693168371,0.659238666,0.638932427,0.638039246,0.647379917,0.638207677,0.945875562,0.931606383,0.969161697,0.932372108,dress
439.6086091,533.8311265,175.2241575,521.9295809,6.413694853,7.147820069,3.003507966,6.918861976,0.785922631,0.784102693,0.833237928,0.785286857,0.770554587,0.770801939,0.776773502,0.770893771,0.943247629,0.931105642,0.977315662,0.932641613,dress
562.4318934,801.3194771,337.7676011,665.2240984,7.982169118,9.997554787,5.46049326,8.790480584,0.679098611,0.658321007,0.71669281,0.664125533,0.598894119,0.59736663,0.601548165,0.597985278,0.95155223,0.931126247,0.970905839,0.942823703,dress
339.8606005,405.8710804,90.96671262,370.0212687,5.097855392,5.624221453,2.10200674,5.371272587,0.828272977,0.827139217,0.856844106,0.827183718,0.815977795,0.816066517,0.823967669,0.816143222,0.942821996,0.931911632,0.984689671,0.937925747,dress
411.2888787,489.450719,266.2879136,517.0714802,7.682628676,8.333456363,6.094837623,8.627435602,0.684600016,0.680789813,0.702034018,0.679503102,0.654228288,0.653302192,0.660148042,0.65316254,0.961261366,0.953931464,0.974872653,0.951331717,dress
193.6115502,202.2077047,43.71994485,237.8745098,3.450153186,3.615347943,1.399203431,3.818961938,0.853304313,0.851747321,0.881460141,0.851493737,0.841733441,0.84077472,0.846566439,0.840667372,0.966257931,0.964879366,0.992380613,0.958684544,dress
349.8994179,423.8453825,186.5717525,480.0569627,4.591819853,5.241676278,2.982230392,5.605505575,0.838704015,0.83224768,0.863594678,0.832284967,0.809425902,0.808247805,0.812883698,0.807864049,0.948897627,0.938300188,0.972751429,0.930117383,dress
406.3322304,499.0077201,154.7690717,486.5820069,5.776286765,6.489980777,2.621522672,6.350618993,0.766148416,0.762203058,0.820795941,0.763460331,0.743362298,0.742293203,0.747173477,0.742431168,0.953749281,0.943372727,0.982383967,0.944782794,dress
443.9967831,594.3949404,192.8899663,517.0357709,7.909926471,9.295394079,4.787515319,8.570903499,0.69241032,0.68670923,0.715477571,0.688803375,0.666319112,0.665377168,0.669244376,0.665240131,0.957633395,0.943385595,0.981580211,0.950753833,dress
379.0961091,473.6617147,200.4367188,466.8708189,6.625704657,7.48236832,4.416099877,7.394002307,0.678345018,0.672756882,0.711169632,0.670557699,0.631391904,0.631845889,0.636133747,0.631388029,0.962511618,0.953234887,0.980165471,0.953905359,dress
247.0704657,331.8652826,160.1464461,360.8769858,4.479810049,6.05053441,4.027941176,6.070865052,0.757120319,0.74485426,0.771895267,0.745311872,0.723574733,0.723620135,0.730140159,0.723252296,0.971603064,0.961929901,0.981576209,0.958601808,dress
983.0276042,1095.196647,288.95144,1066.314218,12.64831495,13.35726259,5.868872549,13.33379469,0.706681733,0.702458571,0.723377913,0.702482893,0.69265138,0.690371086,0.694423283,0.69044653,0.898612927,0.887350517,0.970198252,0.890321299,dress
370.477114,488.4631603,237.066682,469.4743099,5.50401348,6.345420992,4.183808211,6.235309496,0.792856676,0.789012346,0.813079441,0.791134687,0.757638512,0.75781662,0.762240659,0.757725549,0.954812152,0.940566198,0.971066891,0.942876668,dress
588.6709252,615.3166167,115.9601563,648.5555248,8.094270833,8.306205306,2.479856005,8.542145329,0.774218163,0.772654018,0.841923471,0.772097569,0.75524564,0.755083476,0.763237579,0.755112454,0.926116715,0.922878337,0.985422346,0.918712287,dress
582.3049632,761.0689273,288.5402114,636.3058362,6.246691176,7.350480584,3.551792279,6.647181853,0.793459233,0.783099924,0.839886335,0.786230798,0.746894443,0.745903448,0.752517003,0.746322941,0.931833167,0.911175626,0.966223207,0.925736729,dress
237.9832108,274.9748866,128.2242953,301.2080892,3.721446078,4.130565167,2.585692402,4.303114187,0.826228572,0.822378032,0.840729276,0.818509154,0.799059243,0.798913674,0.802117148,0.798512665,0.965794031,0.960566815,0.981552508,0.956804803,dress
271.8942708,346.6290811,140.7513787,356.032326,4.669607843,5.354463668,2.967677696,5.402783545,0.794035588,0.7905737,0.820426706,0.78972068,0.771572192,0.770673678,0.775972917,0.770704618,0.962634257,0.952509081,0.980656894,0.951220763,dress
350.0981924,463.154679,185.2432138,392.9706574,5.954044118,7.264790465,4.095848652,6.51526336,0.697166801,0.680955299,0.733941559,0.684752209,0.630522126,0.630025422,0.636492364,0.630257656,0.965722244,0.954690263,0.981837163,0.961556262,dress
463.0608762,634.3926797,202.9459865,500.6506421,6.732536765,8.01645521,3.507689951,6.932564398,0.759599348,0.75393624,0.80125189,0.756993651,0.731791481,0.73013344,0.735116198,0.730731242,0.94817065,0.929202664,0.977284718,0.944128089,dress
517.1870711,572.0587005,176.6050705,625.8916263,7.11963848,7.557693195,3.265793505,7.975963091,0.773026157,0.769161027,0.818626104,0.769034206,0.750367066,0.749385737,0.756096887,0.749462913,0.939334134,0.933101165,0.979284417,0.926805727,dress
357.6213848,427.5630757,171.8952053,481.8910111,6.841574755,7.978731257,4.885523897,8.427635525,0.644919059,0.626134348,0.655781311,0.623946513,0.592533333,0.591100358,0.596494732,0.59086957,0.969944409,0.964147545,0.985554753,0.959591984,dress
498.2380821,546.3353018,243.5081955,612.1529104,6.820588235,7.13290273,3.960952819,7.489288735,0.773646459,0.77140626,0.799058988,0.76905201,0.746612369,0.746612906,0.750100172,0.745951296,0.942582377,0.937229057,0.971937503,0.929666973,dress
480.2109069,581.6895963,205.0628983,592.726336,5.834405637,6.519031142,2.831495098,6.558615917,0.801602431,0.798020463,0.860534568,0.799213394,0.775990996,0.775509178,0.782894373,0.775646734,0.938486533,0.925723731,0.973732966,0.924314443,dress
381.692065,440.8199154,136.3576134,419.3256286,7.091942402,7.643752403,3.897870711,7.41396386,0.685816229,0.68541912,0.726254576,0.683831216,0.655324296,0.655166712,0.66359701,0.655272525,0.962530679,0.956770798,0.986594651,0.958878645,dress
587.5855086,703.2175163,323.3807445,724.4543637,8.379503676,9.260792003,5.866099877,9.622745098,0.728846687,0.725534704,0.753532979,0.725018896,0.707024016,0.706240819,0.713801917,0.706210045,0.938555754,0.926573007,0.966138019,0.924355545,dress
187.6762561,190.5716571,47.46544118,239.4342484,2.902634804,2.99171088,1.243014706,3.334532872,0.8755563,0.87382564,0.90187603,0.873689798,0.863440609,0.862568074,0.86856391,0.862474524,0.962470563,0.962023975,0.990508382,0.952286919,dress
231.36875,260.1200615,116.5174479,299.8125183,5.210845588,5.595432526,3.43426777,5.995124952,0.707625203,0.703482791,0.735957489,0.701404441,0.668673866,0.668734246,0.676713347,0.668351338,0.975713603,0.972768774,0.987771224,0.968613484,dress
224.2675245,299.6803998,129.2282782,271.630296,3.889215686,4.544405998,2.500428922,4.28355248,0.823455301,0.816870526,0.858345062,0.81746849,0.787755292,0.787739459,0.794132992,0.787524003,0.967459636,0.956654955,0.981249885,0.960712054,dress
468.258027,610.0638985,360.6945619,615.426882,9.741727941,11.20490581,8.245940564,11.40845829,0.616668266,0.60855714,0.625561474,0.609841612,0.586056403,0.585395536,0.589814163,0.585609101,0.959524727,0.947382279,0.968826137,0.946919724,dress
418.6836703,533.4188082,260.0546875,545.7369627,6.409865196,7.371933872,4.810110294,7.458269896,0.793560282,0.79007128,0.80513922,0.789334063,0.774731115,0.774512808,0.779938749,0.774406887,0.945874301,0.931259794,0.966381886,0.929672387,dress
247.7358762,341.518862,107.28606,299.4875817,4.104779412,5.16272203,2.654626225,4.889627067,0.81622719,0.809962514,0.834528007,0.809824436,0.793820131,0.793180008,0.800888272,0.793394986,0.964573104,0.951267262,0.984641811,0.957264879,dress
627.23606,665.9900346,322.554136,755.7057439,10.38308824,10.63021915,6.779411765,11.44341407,0.579046261,0.577029124,0.621800657,0.572923089,0.531774401,0.531443074,0.538454794,0.531503883,0.949509842,0.946391314,0.973991619,0.939169672,dress
519.2217831,622.2448289,199.4330882,600.6710035,5.364123775,6.119307958,2.620435049,5.926889658,0.814840274,0.802199238,0.857263575,0.80239747,0.740636966,0.739802214,0.747467926,0.739939785,0.941385232,0.929863975,0.977453809,0.932295658,dress
363.5828738,435.0571319,224.4972426,420.0016609,7.408026961,8.01159554,5.039154412,7.963337178,0.694851884,0.688961488,0.721575559,0.692862678,0.666114299,0.66442009,0.668967803,0.664420808,0.961412033,0.95387498,0.976140394,0.95547117,dress
423.4512868,528.664083,189.660723,496.2696809,7.820833333,8.577008843,4.353492647,8.492241446,0.689469172,0.685104672,0.714726686,0.685201992,0.663162008,0.661530477,0.666733385,0.661945697,0.955729592,0.944866533,0.980171888,0.948244889,dress
323.8752145,405.6650365,138.2638327,423.1965705,4.881158088,5.880184544,3.114384191,5.950065359,0.813275474,0.807835795,0.836040735,0.806706767,0.793277754,0.793244265,0.802770084,0.793028659,0.953476852,0.941907988,0.980136493,0.939397439,dress
397.8092218,496.5596617,268.3717218,535.1528797,7.032077206,7.878139177,5.507689951,8.274386774,0.733568592,0.727724168,0.74590093,0.728242512,0.7053294,0.704396697,0.7076349,0.704349804,0.959076896,0.949062263,0.972392487,0.945103321,dress
433.0312194,437.2341253,179.1845435,478.1837601,5.918198529,5.867235679,3.684298407,6.26911188,0.815315258,0.812933955,0.832431206,0.810185454,0.788862054,0.78906902,0.795301431,0.788884945,0.940141641,0.93975302,0.975231645,0.934110524,dress
491.0879596,542.6439523,282.923269,644.0443983,7.347273284,7.904329104,5.130376838,8.404782776,0.70815266,0.70542712,0.726735949,0.704323326,0.673592239,0.673093164,0.676910386,0.67309214,0.952375189,0.947459978,0.972533601,0.937642156,dress
352.5575061,439.3916032,206.9342065,480.8511649,5.690992647,6.426528258,4.088342525,6.951434064,0.774151688,0.766965996,0.802152012,0.764724249,0.742769655,0.740703094,0.745681418,0.739707582,0.959101057,0.949177638,0.975994223,0.944382205,dress
225.4375919,262.8498885,46.65306373,239.8826298,3.767555147,4.129642445,1.410876225,3.964813533,0.843571452,0.841566277,0.873724796,0.842584696,0.829240278,0.82935179,0.835920318,0.829213452,0.961543357,0.955310201,0.992041514,0.9592151,dress
334.4251838,497.0067205,166.7424632,398.1763629,4.767708333,6.236770473,3.402971814,5.721491734,0.823148875,0.817199195,0.840184482,0.819171213,0.806576146,0.806346453,0.815806783,0.807099411,0.950043602,0.926002224,0.975092509,0.940716767,dress
294.1379902,340.5469281,69.50548407,323.3997693,4.888357843,5.293933103,1.929901961,5.194094579,0.81372513,0.812635392,0.858432246,0.811983846,0.798310468,0.797715735,0.808543483,0.797702027,0.957166888,0.950564153,0.989877416,0.953053338,dress
284.848652,414.4044906,216.3669118,384.7379316,4.552757353,5.594709727,3.878921569,5.434156094,0.848151606,0.846430057,0.854925604,0.847542735,0.836339605,0.835971302,0.839321564,0.836278283,0.951361497,0.92947874,0.963054897,0.934527245,dress
365.0595282,414.861484,124.8071998,402.4871665,4.792708333,5.237462514,2.301746324,5.020284506,0.835462983,0.832043667,0.872126477,0.832774149,0.809457952,0.809367242,0.814210674,0.809445028,0.946194853,0.939050498,0.981603704,0.940868474,dress
307.9083946,420.2097962,160.0758272,372.5826374,5.624785539,6.816670511,3.837867647,6.342452903,0.708243253,0.698253753,0.73019355,0.699313702,0.665724909,0.662879373,0.666803495,0.662895311,0.970918975,0.960416474,0.984881318,0.964902926,dress
649.9127757,739.6305421,316.1271446,781.6464129,7.714644608,8.617854671,4.931004902,8.884921184,0.705610151,0.692221249,0.747717247,0.690379683,0.628759584,0.628758042,0.635602016,0.628907313,0.941982476,0.934015764,0.971730339,0.930267426,dress
293.1122855,336.2794925,102.6872549,351.1007766,4.209436275,4.606197616,2.219178922,4.796155325,0.82861694,0.826190415,0.856628969,0.824821269,0.812248057,0.811157492,0.818565925,0.81144897,0.953318566,0.946618084,0.983645898,0.944265313,dress
271.6509804,372.2869512,193.3179994,359.8785236,6.015226716,7.055517109,4.623728554,6.879830834,0.667925088,0.66025847,0.698627371,0.661383765,0.626144589,0.624399065,0.628995743,0.624124081,0.973072579,0.963153729,0.980824739,0.964381826,dress
401.8718137,539.1902653,241.3994945,498.6835679,5.72310049,6.856147636,4.111228554,6.3242599,0.762959188,0.756093329,0.789153287,0.759612758,0.729252529,0.728690766,0.733437447,0.728784262,0.954028519,0.938401654,0.972341658,0.943029233,dress
322.616973,420.244506,127.2764859,380.3741176,5.100796569,6.061837755,2.910860907,5.702283737,0.76761227,0.757953828,0.813999074,0.759646387,0.714344115,0.713028189,0.719622046,0.713076349,0.966209436,0.956045905,0.986650012,0.960216017,dress
368.3424939,438.3413149,176.2559743,497.4821992,6.8609375,8.006951173,4.915165441,8.469265667,0.644563179,0.62563683,0.656480411,0.624628901,0.592383962,0.590934987,0.595566447,0.590748945,0.969043769,0.963244233,0.985188527,0.958285156,dress
178.3006127,209.8062284,50.57766544,207.7138639,3.739123775,4.12201461,1.609252451,4.064898116,0.844102842,0.842922523,0.871967785,0.843263468,0.832294548,0.832031563,0.838404571,0.832124208,0.970460577,0.965358069,0.991620696,0.965703548,dress
635.4525123,663.769504,321.0238664,870.2685736,7.275612745,7.323490965,4.422579657,9.038000769,0.731278368,0.725881209,0.770572626,0.717250055,0.679398633,0.678656208,0.686008501,0.677961854,0.939097894,0.936381918,0.969148562,0.916590297,dress
93.98832721,136.1636294,77.18679534,154.2990235,2.205453431,2.840199923,1.996507353,2.995217224,0.880049234,0.872761537,0.88344653,0.873038948,0.860650692,0.859642161,0.862810327,0.85981125,0.981790243,0.973710073,0.985045454,0.970208563,dress
146.1583946,186.4419223,75.71933211,197.6981776,3.186856618,3.68781238,2.135110294,3.832772011,0.837783725,0.832294655,0.853973455,0.832119111,0.815084503,0.814357252,0.81923997,0.81408266,0.977440672,0.9713183,0.988313041,0.969586669,dress
405.4780025,524.3528643,235.7637408,476.7309035,7.270557598,8.47503268,5.281541054,7.953787005,0.701698617,0.696529889,0.721338973,0.698353571,0.675496396,0.67516108,0.681297578,0.675239083,0.956852619,0.944299197,0.974892127,0.949357969,dress
212.9822917,224.0643445,114.2774203,287.6414302,3.264307598,3.399061899,2.188204657,3.852795079,0.885983317,0.883956373,0.897459152,0.883150068,0.876759239,0.876198575,0.882358549,0.876121561,0.949164391,0.946707047,0.972723731,0.93158545,dress
273.0480392,364.5717032,143.1482077,358.7441292,4.806954657,5.666912726,3.330315564,5.537854671,0.791065257,0.78837678,0.809753596,0.788677896,0.770615727,0.770675919,0.775088237,0.770875226,0.963290736,0.951137588,0.980754967,0.95191864,dress
229.2227328,321.2951019,133.7387255,312.4390619,3.679442402,4.497070358,2.65033701,4.508819685,0.853160152,0.847829257,0.864901407,0.846993941,0.835662042,0.834419507,0.839879285,0.834020172,0.960077498,0.944211883,0.976699705,0.945749602,dress
307.9668505,342.6895194,175.8332721,370.6166859,5.096415441,5.424006151,3.670557598,5.678246828,0.833907936,0.83228931,0.845385407,0.831834152,0.823698222,0.823328442,0.829893923,0.823404491,0.949360792,0.943839022,0.97108761,0.939262235,dress
200.2272059,205.0257901,50.01320466,234.873787,4.54375,4.5888812,1.952726716,4.959015763,0.785503868,0.7835679,0.816820876,0.782009556,0.762788786,0.762181823,0.766547072,0.761920192,0.975358274,0.974796685,0.993833113,0.971127544,dress
730.9818627,871.735148,353.1426164,915.2577316,11.70621936,12.69151865,6.249387255,12.96605921,0.590555254,0.581335491,0.634320716,0.581310145,0.546770627,0.544095092,0.545987894,0.544003061,0.942262338,0.931271475,0.972106519,0.927840108,dress
409.8388787,526.5996924,189.7733915,434.2148251,6.902879902,7.943421761,3.781878064,7.156616686,0.711072803,0.703481086,0.766911305,0.704164528,0.674085734,0.672682416,0.677759156,0.672221652,0.956872689,0.944718591,0.980027519,0.954416974,dress
449.9648591,416.0703576,187.3282935,624.3765782,6.107720588,5.825282584,3.392356005,7.450749712,0.790237651,0.789054101,0.827145448,0.783606084,0.759843664,0.759834306,0.765685372,0.758622615,0.943707368,0.948107658,0.976564858,0.922127682,dress
384.3977635,435.7481276,107.4887255,450.4500115,5.038756127,5.454240677,2.145496324,5.55798539,0.82306994,0.821347295,0.862799309,0.819952715,0.808586627,0.808322727,0.818406385,0.808153807,0.941438117,0.933831857,0.983624089,0.931599383,dress
237.2646752,324.954802,114.4693321,281.0640523,4.713235294,5.62651288,2.903676471,5.297654748,0.694048767,0.683134924,0.754899571,0.685537032,0.634390567,0.632138537,0.635865688,0.632185645,0.978671905,0.970859709,0.989710171,0.974795608,dress
358.5918505,394.4028297,85.67457108,408.8297424,4.738664216,5.136732026,1.836029412,5.143406382,0.841180877,0.834076874,0.875934721,0.834248164,0.797116995,0.796109195,0.80122031,0.79600063,0.951435725,0.946757609,0.988397136,0.944810048,dress
300.7491115,446.8612072,214.175674,396.7018839,5.117156863,6.187804691,3.939675245,5.94792772,0.796325352,0.791673385,0.815926297,0.792852743,0.773442255,0.772729312,0.777226886,0.773375066,0.959377385,0.939829101,0.971070984,0.946583171,dress
348.8203738,386.6664821,106.4838235,413.0252364,4.751470588,5.129442522,2.203523284,5.267358708,0.82529727,0.819867898,0.85817817,0.819821408,0.797665404,0.796824303,0.804467328,0.796839445,0.950245133,0.945024871,0.984811619,0.941277259,dress
218.6379596,303.2783699,125.9276961,288.8573626,3.720772059,4.839707805,2.92120098,4.702683583,0.808302947,0.792604711,0.824134785,0.79386771,0.758106639,0.757645553,0.763817567,0.757183451,0.973587576,0.963475924,0.984787948,0.965212658,dress
472.775674,508.6627297,130.7880821,545.4276355,6.525949755,6.792833526,2.478890931,7.108589004,0.787970641,0.786681503,0.841772502,0.785836616,0.771700001,0.771506656,0.778777529,0.771751294,0.938181799,0.933697137,0.982899044,0.928904927,dress
466.0667279,657.0071203,222.0954044,487.2047366,7.501011029,9.333794694,4.479319853,7.509419454,0.647364532,0.634071641,0.697408743,0.642569064,0.59877137,0.596027346,0.600464876,0.596044697,0.96076208,0.944808427,0.981301901,0.959072596,dress
384.386489,521.1763629,177.6106771,400.837724,5.432383578,6.793033449,3.815701593,6.051195694,0.79038798,0.78721349,0.813687445,0.788281897,0.769956207,0.770070214,0.781607898,0.771192979,0.950790861,0.933238663,0.977176705,0.94865373,pants
662.1412377,782.2032141,225.3492341,802.1094656,7.847610294,9.027204921,4.809191176,9.383929258,0.702294121,0.693513841,0.728833525,0.691010256,0.672197433,0.669074547,0.683939123,0.668953093,0.936350837,0.92501249,0.97833802,0.923104136,pants
439.9329657,525.8173933,177.971875,524.5616917,6.340563725,7.400569012,4.161856618,7.455378701,0.748645758,0.743835899,0.772860963,0.743000219,0.724345296,0.724225004,0.736402766,0.724394646,0.951335559,0.941953822,0.98029548,0.942092442,pants
677.1997089,821.6382007,261.4084099,828.3601538,8.283134191,9.718077662,5.232490809,9.850319108,0.670760962,0.666184076,0.710386438,0.664982263,0.641540154,0.640939661,0.656966298,0.641061413,0.938705355,0.925829448,0.976342203,0.925222588,pants
722.875674,795.1828989,264.5901348,829.4301884,10.2973652,11.1081584,4.945802696,11.33988466,0.71155119,0.705474441,0.800339379,0.705867362,0.657113448,0.656178374,0.665039042,0.656024981,0.887154148,0.87607887,0.958664961,0.87074178,pants
480.0879289,557.5118339,153.2734835,566.4458747,6.742493873,7.389880815,3.37020527,7.612533641,0.703125949,0.700439702,0.753020437,0.697629502,0.667643728,0.66823352,0.685218829,0.668050176,0.953530665,0.945950153,0.985100247,0.945084013,pants
244.0566176,371.2549327,187.8250613,348.1771626,4.944577206,6.231111111,3.8984375,6.00864283,0.769768791,0.765134065,0.797058699,0.765772419,0.751093732,0.750049171,0.762947344,0.750188404,0.970594979,0.955407098,0.977370295,0.95817906,pants
885.2092218,1009.200953,201.1898897,986.6079815,7.987254902,9.091518647,3.289368873,8.970795848,0.78900527,0.765630618,0.855161387,0.766339654,0.69116088,0.688138704,0.703294639,0.688114682,0.917908107,0.906667758,0.981342197,0.908757186,pants
178.285386,248.1223222,72.95404412,202.4362015,3.044761029,3.824805844,1.91908701,3.506343714,0.844261751,0.836361599,0.860682158,0.835691898,0.81263574,0.811683765,0.817683905,0.811961808,0.973235871,0.962872561,0.989047564,0.96970874,pants
372.7388174,485.6793387,168.5982077,423.6675894,5.868933824,7.075324875,3.947104779,6.525782391,0.760927725,0.756613611,0.781532916,0.757818489,0.73816018,0.738465959,0.748739677,0.738833831,0.956280047,0.943192628,0.980221189,0.950445818,pants
564.8585784,643.1915263,174.5307138,640.2066128,6.721017157,7.68284506,3.831969975,7.626251442,0.728687646,0.722239997,0.758830413,0.722640502,0.695171029,0.695596065,0.70692892,0.695490337,0.942823056,0.934676558,0.982224645,0.93497971,pants
448.5820466,603.6104575,308.1821078,585.953218,7.366207108,8.737654748,5.858118873,8.607427912,0.734328574,0.725291895,0.75933611,0.726430077,0.713525145,0.710559141,0.724073962,0.710681664,0.953004879,0.936945723,0.967713698,0.938790232,pants
268.9255515,293.5890196,85.96894914,297.1965705,4.276960784,4.693979239,1.866528799,4.688242983,0.856416243,0.846516012,0.904697768,0.847191909,0.73587103,0.734444523,0.743088451,0.734156025,0.969394406,0.966648971,0.990206376,0.966239561,pants
248.8688113,362.7395925,209.5782475,358.9225682,6.210324755,7.558508266,5.541758578,7.509480969,0.698096162,0.68828477,0.709983535,0.688787383,0.667677241,0.664382941,0.674429689,0.664337841,0.97634956,0.965620309,0.980083411,0.965982079,pants
809.6026348,1011.347743,368.3204197,1027.756509,9.905238971,12.02748174,7.238679534,12.0574702,0.614275115,0.597727041,0.631091115,0.598570847,0.566256767,0.564397367,0.57774245,0.564016559,0.93416869,0.917931251,0.970050847,0.916599714,pants
124.1935049,162.4528105,56.23893995,159.5755786,2.971660539,3.518615917,1.867677696,3.542945021,0.819544325,0.813983061,0.848068229,0.812751252,0.796870561,0.795751442,0.803133118,0.795642659,0.981688392,0.976124224,0.991707896,0.976547092,pants
216.9017463,272.6088581,68.5055913,256.9563245,3.743474265,4.49656286,1.998483456,4.325828527,0.832178196,0.824862453,0.858264986,0.825349656,0.812940212,0.811975028,0.825440987,0.812006074,0.966044957,0.957442397,0.98926977,0.959885951,pants
250.7384804,314.3588158,107.2917279,339.9407305,3.486060049,4.141176471,1.855974265,4.293425606,0.84335011,0.832086548,0.881215643,0.831164821,0.805589434,0.803036005,0.813288763,0.802422396,0.962242432,0.952816106,0.983843426,0.948976372,pants
1052.333088,1257.515417,531.8098346,1225.784175,10.57034314,11.86445213,7.228952206,11.74499039,0.738635475,0.732923141,0.769998427,0.732212795,0.717084367,0.714638657,0.728240149,0.714730837,0.888699703,0.867383322,0.943752987,0.870729676,pants
248.6500919,434.033664,253.684329,405.1306882,5.204411765,7.114109958,4.82666973,6.825974625,0.754705391,0.748870352,0.780528026,0.75061226,0.733836745,0.734163833,0.747835394,0.734408844,0.97119052,0.949791845,0.970566747,0.953135284,pants
632.1082721,781.1959246,305.4480545,924.1661361,7.890318627,9.542406767,5.190395221,10.31721646,0.694478184,0.686117213,0.735336462,0.684273972,0.657192256,0.657306733,0.669973128,0.656949421,0.940860118,0.926981287,0.971375046,0.913617801,pants
965.7899816,1176.017839,353.5711397,1202.295302,10.92634804,12.41805459,6.000520833,12.65910035,0.663679166,0.654941938,0.698514615,0.653618715,0.636022774,0.632735505,0.646126534,0.632675443,0.914361157,0.895979687,0.968648025,0.893655411,pants
1431.39902,1585.153003,927.3334559,1475.07328,18.32665441,19.16333718,14.72702206,18.71729335,0.539183692,0.534742962,0.560172085,0.535064861,0.506124872,0.504675451,0.51496243,0.505257612,0.892988115,0.881500799,0.930562536,0.889729884,pants
619.20481,807.6671434,288.0961703,791.3600615,7.594178922,9.377070358,5.089705882,9.256470588,0.716465478,0.703917115,0.744586939,0.704380281,0.667837862,0.666831548,0.680186127,0.667014221,0.940928153,0.923163618,0.972519086,0.924714971,pants
417.854565,464.5186621,110.6573836,476.1741638,8.187071078,8.868589004,3.001348039,8.961245675,0.683293738,0.67726592,0.789099182,0.676293384,0.595985156,0.595475613,0.610163838,0.595178293,0.963461296,0.959481879,0.990327713,0.958465159,pants
301.2705576,332.0027528,53.96083027,316.745544,4.559589461,4.863960015,1.560891544,4.696855056,0.824398435,0.821946545,0.85990577,0.822313586,0.803845462,0.804440238,0.811091912,0.804638871,0.953619367,0.948843063,0.991658518,0.951193983,pants
267.3727941,538.8186851,348.7103401,500.485521,5.691973039,8.214517493,5.739261642,7.75432526,0.697351341,0.682424612,0.72072566,0.686971836,0.655675728,0.655923413,0.668775852,0.657238181,0.974959552,0.949386926,0.967158782,0.952987691,pants
287.091299,421.1080354,130.8508272,281.8931488,5.791789216,7.305928489,3.906617647,5.955340254,0.733092534,0.722746455,0.755303457,0.729085705,0.70280536,0.700540792,0.710447188,0.701981083,0.969698818,0.955657293,0.986182493,0.970316631,pants
730.1780944,887.5786236,338.6039828,897.0511034,9.886182598,11.26991157,6.816176471,11.47795463,0.675165029,0.665827719,0.695681649,0.664635893,0.649651207,0.646194349,0.659062305,0.646222615,0.9335581,0.919442604,0.969189035,0.918582874,pants
430.3251225,532.8832757,198.21947,497.0086428,5.890625,6.836063053,3.849739583,6.542237601,0.78868232,0.783902993,0.807156129,0.784924063,0.765131018,0.765019245,0.772176268,0.765141514,0.946270543,0.933676734,0.975252598,0.938141732,pants
363.1611826,410.0933795,75.37913603,385.0401538,5.209803922,5.613287197,2.273406863,5.575609381,0.779092699,0.777315748,0.811910612,0.776277028,0.756900151,0.757170569,0.768596133,0.757324967,0.955292423,0.949627906,0.990712576,0.952705214,pants
728.9809743,902.4752634,308.0443627,909.8959785,10.54258578,11.91772395,6.539583333,12.37711649,0.638836522,0.633122698,0.664614305,0.632334107,0.61718774,0.614366772,0.626502813,0.614705395,0.934025088,0.918512666,0.972121872,0.917842627,pants
369.8486826,588.4891965,334.3150735,602.0283583,5.836856618,8.040876586,5.606311275,8.162183775,0.753064034,0.744122304,0.77477353,0.74276172,0.72880762,0.727912231,0.742900136,0.727958528,0.958898579,0.934750308,0.962821382,0.933249132,pants
1040.198499,1221.962599,460.4171262,1352.97381,10.87261029,12.34066897,7.561151961,13.60984237,0.667557053,0.660090518,0.693722435,0.656072655,0.638048706,0.635317292,0.650316704,0.635319185,0.907264523,0.891333998,0.95895339,0.879683507,pants
229.4197304,373.6939946,241.0174326,399.3625836,5.246262255,7.194709727,5.833609069,7.518154556,0.686778778,0.673399195,0.69200631,0.672546573,0.643197801,0.642455142,0.647784375,0.642087628,0.979629777,0.966890986,0.978592634,0.964616768,pants
229.8204657,478.8838139,334.7379289,443.2861207,5.48091299,8.586420607,6.52221201,8.258454441,0.710236615,0.68915785,0.723054907,0.690000222,0.64915316,0.64495525,0.655816107,0.644985384,0.97923105,0.956833739,0.969749625,0.960042491,pants
302.8352328,434.7288428,182.2742494,392.101361,5.089644608,6.338439062,3.843826593,6.139438677,0.771635486,0.767028802,0.794099214,0.767400231,0.746345763,0.746786382,0.75808488,0.74698375,0.963495842,0.947725769,0.978015698,0.952851536,pants
218.8459865,253.8928874,91.64257047,309.2728489,4.722947304,5.200230681,2.164568015,5.658392926,0.76068471,0.744467112,0.825741922,0.74344331,0.688362157,0.687970652,0.701229092,0.687759586,0.978571998,0.975214472,0.991028852,0.96980817,pants
407.5255821,528.6756786,149.1750919,465.4604844,5.742310049,7.047904652,3.508823529,6.800430604,0.729483009,0.71480708,0.768386796,0.715385519,0.679219756,0.678917536,0.693129707,0.679592911,0.958243129,0.945735021,0.984647206,0.952223633,pants
289.1188419,506.1908497,305.6018382,475.4093349,5.789644608,8.048350634,5.858639706,7.858731257,0.727594481,0.713289583,0.741248101,0.71377516,0.696351546,0.69349984,0.707492495,0.693515619,0.970546547,0.948578247,0.968867372,0.951705209,pants
470.0749387,671.4775087,215.850383,512.2681276,6.267708333,7.916816609,4.006541054,6.753448674,0.776611843,0.768703538,0.79796331,0.77394512,0.751757507,0.750153521,0.762084683,0.751838885,0.943455099,0.919409152,0.974013892,0.93851749,pants
526.2656556,669.0617762,148.318076,565.3617839,7.73314951,9.592525952,4.142064951,8.299546328,0.644887167,0.615306906,0.688825644,0.623496811,0.559635242,0.556745763,0.570039128,0.55649504,0.95875946,0.947677231,0.988377431,0.955786902,pants
363.016636,416.6442445,115.9832414,436.4953787,5.127818627,5.737793156,2.988572304,5.855594002,0.763658677,0.759476433,0.792263602,0.758936896,0.738092127,0.737187405,0.748922438,0.737093603,0.95853529,0.952553244,0.986752199,0.95029263,pants
504.089277,643.4059362,201.2028033,534.9701346,6.819393382,7.911772395,4.279886642,7.264513649,0.760858266,0.759444843,0.784407107,0.759663353,0.743628255,0.74349114,0.755017743,0.743970935,0.940770207,0.924399192,0.976286742,0.937140502,pants
493.0400123,655.1218916,353.1495251,685.0270973,7.06875,8.31490965,5.238066789,8.49373318,0.768242552,0.764930314,0.800118422,0.76460154,0.749260638,0.749653787,0.764877438,0.750036168,0.940629446,0.921194601,0.957388941,0.917597268,pants
636.2384804,695.1877739,145.3033548,659.3096655,6.896997549,7.760599769,3.61083027,7.293025759,0.76895993,0.762763861,0.79250965,0.765806437,0.739757241,0.739281866,0.749282986,0.739542797,0.927509551,0.920779056,0.983392088,0.924867588,pants
1017.562439,1288.118416,372.2808824,1208.852534,11.28854167,13.51495579,7.059375,12.74349865,0.630518349,0.620254876,0.658295474,0.622291359,0.601072082,0.597448856,0.612078179,0.597496275,0.91458121,0.892117188,0.96874906,0.898755884,pants
653.007261,628.6362784,217.654902,863.7296424,7.479963235,7.658408305,4.566268382,9.391249519,0.724027526,0.715350733,0.744914529,0.708806127,0.685539979,0.683895986,0.692073191,0.683128038,0.936292216,0.938837522,0.978765456,0.915964371,pants
489.8364583,539.2833987,218.4902114,601.5722414,6.106341912,6.720569012,4.149402574,7.098146867,0.770646554,0.767632559,0.790949008,0.766890333,0.749028369,0.748896241,0.757876806,0.748452892,0.941791548,0.936098861,0.974031449,0.928718088,pants
362.8678002,440.4962092,170.5716912,456.7429143,5.439920343,6.414148404,3.657598039,6.442076125,0.793113615,0.789754505,0.817146172,0.789606148,0.776267617,0.776002452,0.788250238,0.776077611,0.951428037,0.941098235,0.977119576,0.938925776,pants
565.4636336,879.8384006,677.5516544,1134.389358,7.162040441,9.081214917,6.682077206,10.16104575,0.760264215,0.755132365,0.782706119,0.754418076,0.735257101,0.735015378,0.746973447,0.734601176,0.935534543,0.899650599,0.922490188,0.870617953,pants
749.4280637,913.4477201,228.684038,915.0939792,7.639368873,8.921645521,3.802696078,8.989650135,0.772444395,0.76273584,0.8194205,0.760779831,0.733207811,0.730834137,0.744216271,0.730741099,0.915389946,0.897176285,0.974181686,0.896990971,pants
588.3046262,760.2954248,278.7574142,764.858193,7.093351716,8.473233372,4.590441176,8.492333718,0.776829302,0.769342754,0.797603869,0.769887994,0.750567611,0.748925209,0.758866044,0.748987531,0.930672775,0.910676759,0.967150559,0.910140703,pants
809.6795037,913.7209227,261.4070313,931.0993772,9.353247549,10.2820915,5.432429534,10.39395617,0.716914562,0.714409214,0.753986866,0.713693426,0.701195681,0.70077374,0.717829028,0.700620177,0.91588817,0.905360465,0.972847638,0.903560474,pants
459.4307598,643.6625759,314.4840839,632.0161323,7.608057598,9.585251826,6.323115809,9.369857747,0.605450154,0.588398331,0.635433151,0.587907549,0.513141468,0.513195113,0.51965129,0.512950117,0.965624399,0.951638215,0.976331828,0.952513274,pants
301.8096201,577.9177086,437.5379442,642.5546021,5.865073529,8.326566705,6.209083946,8.788512111,0.732961007,0.720733661,0.770697159,0.718896365,0.688707972,0.689239256,0.702665162,0.688536506,0.970442924,0.94351236,0.957114049,0.937194531,pants
538.8091912,676.8910419,208.7936581,676.8591465,6.874203431,8.297916186,4.057935049,8.236247597,0.745938305,0.740484478,0.784529598,0.741231792,0.721075359,0.720822087,0.735839009,0.72079242,0.940499884,0.925429199,0.976930541,0.925432713,pants
473.8292892,676.7890965,217.1713388,516.6007997,6.298284314,7.959907728,4.02075674,6.775071126,0.777249234,0.768249505,0.798133142,0.774433691,0.751907558,0.7504873,0.762449911,0.75214266,0.943012765,0.918787453,0.973859948,0.938009541,pants
242.5603248,339.5053287,149.1436887,332.0765244,4.318351716,5.44141484,3.15033701,5.421699346,0.794284625,0.786193401,0.832285864,0.786245584,0.764708404,0.764272571,0.77646467,0.764197828,0.970019583,0.958167902,0.981565906,0.959083241,pants
914.8217218,1071.235063,240.4286152,1084.74273,8.514307598,9.94094579,4.191268382,9.970811226,0.701591254,0.690970043,0.743805665,0.691247297,0.66240984,0.660689928,0.675529993,0.660626186,0.91415761,0.899750245,0.977440338,0.898486153,pants
481.4939645,750.6111034,386.9866268,802.9214456,6.382383578,8.312172241,4.986902574,8.584252211,0.742777529,0.735913211,0.771566259,0.735499148,0.71165828,0.712055633,0.725885544,0.712038928,0.948715281,0.919794197,0.958528887,0.914204627,pants
107.2786458,156.9113572,56.90840993,147.5997078,2.856954657,3.728119954,1.835860907,3.529181084,0.808729292,0.798466448,0.852656925,0.800015299,0.752519175,0.752673305,0.764205412,0.752644091,0.987367754,0.9814937,0.993267463,0.982591926,pants
282.2910539,370.5406844,110.1630208,355.6027374,5.120772059,6.305297962,3.058670343,6.144744329,0.766636121,0.760332121,0.801371172,0.760270931,0.735037551,0.735544127,0.746800572,0.735300815,0.96744372,0.957188815,0.987234142,0.958914702,pants
571.86106,791.954479,282.8636029,729.5664437,6.518106618,8.547850827,4.703890931,7.988189158,0.746959408,0.732504556,0.769543625,0.733213021,0.702373971,0.701444329,0.712545944,0.70144307,0.941706607,0.919473319,0.971156811,0.925816993,pants
482.2026654,630.7405459,261.5678002,610.1707343,6.050122549,7.233771626,4.154932598,6.98165321,0.798918058,0.794523204,0.821086192,0.796746912,0.782097546,0.780856759,0.792337732,0.78107102,0.935308666,0.915650509,0.964908593,0.918401329,pants
469.8883885,560.1720415,154.0672641,544.3011611,5.221078431,6.227497116,3.042815564,6.142729719,0.794323824,0.784284748,0.817587575,0.785670806,0.763047282,0.763220125,0.774403134,0.763464973,0.941504604,0.930093251,0.980713203,0.93207386,pants
227.2472733,314.5439908,139.9599112,314.4430142,4.629840686,5.665190311,3.428753064,5.739069589,0.782215731,0.776658284,0.806145484,0.776174305,0.761432906,0.761187678,0.773157333,0.761292697,0.971406966,0.960468257,0.982355354,0.960480948,pants
557.892739,675.9981546,283.1238051,677.6814456,7.683731618,8.609027297,5.133302696,8.680538255,0.763087871,0.758337154,0.787863609,0.757775239,0.748647137,0.746625574,0.758926377,0.746501847,0.93471541,0.921135325,0.966868862,0.920938946,pants
579.7068934,686.6822453,449.264231,699.2354171,8.284803922,9.036355248,6.499463848,9.163537101,0.789684984,0.787553821,0.816492786,0.787523948,0.780556483,0.780459937,0.795331937,0.780413954,0.922185183,0.908124241,0.939697369,0.906444669,pants
1339.489124,1548.820515,687.3144301,1604.032357,14.19393382,15.53888504,10.20291054,15.89025759,0.612204048,0.605967985,0.632038731,0.604241633,0.58279722,0.58024858,0.591840475,0.579944458,0.890995033,0.874223302,0.944062847,0.869739655,pants
117.0095895,141.3012841,35.38731618,143.5847751,2.14028799,2.56473664,1.179319853,2.498208381,0.88012227,0.876344375,0.900803372,0.876729821,0.864114958,0.864012074,0.870125413,0.863857991,0.97670846,0.971896972,0.992937301,0.971442814,pants
1623.187898,1917.803829,1023.206893,1895.305436,17.34215686,19.12968858,13.6526348,19.05138024,0.631022606,0.624377109,0.660717084,0.624428285,0.606068499,0.604318185,0.621156145,0.604150993,0.864719294,0.840542127,0.914726832,0.84241278,pants
1303.906005,1699.361138,999.2628676,1828.186574,19.48079044,22.51164937,17.05490196,23.79872357,0.364973708,0.351239298,0.37778176,0.349896943,0.310160219,0.307237998,0.31653151,0.307261344,0.909305432,0.881841256,0.930538917,0.872883953,pants
359.4274816,527.9130642,335.167356,535.2005383,6.712561275,8.145374856,5.840916054,8.216639754,0.727615549,0.724233549,0.749276128,0.724442617,0.706906653,0.707267942,0.719260387,0.707238338,0.962504903,0.944964735,0.964957841,0.944205011,pants
572.3204657,744.3536025,344.5543964,745.6907805,9.685110294,11.56845829,7.697380515,11.59737024,0.589309243,0.568547903,0.600418441,0.568743079,0.517395501,0.515743904,0.526306322,0.515650151,0.956861338,0.944004002,0.974035293,0.943903409,pants
453.6306985,503.1285813,114.0217525,508.2323722,5.945588235,6.468219915,2.848988971,6.467912341,0.777598634,0.774693959,0.808357624,0.775262774,0.757522247,0.757016799,0.768185876,0.756877745,0.944438707,0.938407892,0.985998647,0.937783095,pants
349.6495098,501.8409227,176.4710784,345.7938331,5.363878676,6.763275663,3.896231618,5.620545944,0.769298285,0.762017708,0.788381578,0.767919286,0.747882881,0.74612256,0.756556369,0.747626652,0.958793811,0.941038569,0.979202886,0.959372585,pants
423.1166973,500.8879047,157.3686887,527.6642215,5.745189951,6.740053825,3.525704657,6.910849673,0.77090596,0.765687054,0.797864806,0.765602316,0.742272186,0.741447967,0.7534195,0.7415688,0.950491699,0.941503446,0.981565999,0.938376355,pants
587.0856618,784.4967474,257.418704,726.6962092,8.49307598,10.61651672,5.691927083,9.843644752,0.66955977,0.65909726,0.69775837,0.661536457,0.640983071,0.638542957,0.655662568,0.638592587,0.946866534,0.929185342,0.976704076,0.934402859,pants
333.6492953,393.4689735,118.6499081,387.9383007,5.313235294,6.160891965,3.184895833,5.985974625,0.773011749,0.768873065,0.800930714,0.770081212,0.754227316,0.753338807,0.765608258,0.753523696,0.957130882,0.949595965,0.984754858,0.950304453,pants
937.2330576,1106.750942,312.2253676,1014.740484,9.290134804,10.77084198,5.415379902,9.912126105,0.74004398,0.735084518,0.7643083,0.73643577,0.724479642,0.722970687,0.735362943,0.723015187,0.898322084,0.880284332,0.966127502,0.890236972,pants
391.2806066,527.136732,249.2224265,503.5330719,5.792585784,6.87052672,4.360416667,6.741253364,0.784193255,0.781595147,0.808450722,0.783189266,0.761871436,0.762852785,0.770719201,0.762975518,0.952063265,0.935269544,0.96930184,0.938167987,pants
664.0777267,824.429158,241.8576287,796.4928566,9.231556373,10.80870434,4.993566176,10.48867359,0.697184811,0.6791565,0.743418559,0.680396328,0.650025129,0.646740171,0.659591065,0.646875043,0.935081395,0.919602535,0.976356593,0.922326854,pants
298.4820159,379.801907,137.6564185,368.1949558,4.846813725,5.594171473,3.037331495,5.641845444,0.784189441,0.779913131,0.810371167,0.779931199,0.760396515,0.760447699,0.771791592,0.760539967,0.963015645,0.952956651,0.982896581,0.954394321,pants
766.2829044,904.9902653,209.5827819,895.3277662,8.104166667,9.304175317,4.351470588,9.406013072,0.73993618,0.73332714,0.772741359,0.731736185,0.718489051,0.715614044,0.732079985,0.715705583,0.917440939,0.902780748,0.977419622,0.903818749,pants
364.6634498,487.5001,151.0371017,457.9216301,5.354901961,6.740515186,3.731188725,6.816547482,0.742740187,0.733334267,0.773865312,0.734180179,0.714145241,0.711934393,0.726196575,0.712670726,0.958536937,0.944726815,0.982826738,0.948080447,pants
206.3212316,301.0559938,156.9653186,317.5285506,5.078737745,6.161937716,3.930392157,6.323936947,0.718315714,0.710526226,0.746605084,0.709207104,0.682657987,0.683075657,0.696097647,0.682599369,0.979306497,0.969712868,0.984165439,0.96805568,pants
679.4253676,618.4552249,169.3306832,825.8993156,6.274601716,6.257731642,2.695664828,7.157354864,0.829136745,0.81354001,0.873060926,0.811871984,0.703003084,0.703176995,0.715379459,0.701977892,0.921121276,0.928374449,0.980332281,0.904349455,pants
860.1404105,1065.113141,361.0071078,1016.882399,11.04693627,13.35729335,8.099448529,13.10495963,0.560749714,0.547476401,0.594441557,0.547063488,0.486986715,0.487363534,0.500271308,0.487381955,0.935996325,0.920915039,0.973155336,0.924496186,pants
633.5318015,704.2047828,194.5387561,748.3543868,7.876930147,8.48768935,4.06004902,8.995678585,0.69089499,0.689269221,0.73502735,0.68401499,0.653885723,0.654735106,0.665404395,0.654443359,0.941851327,0.935270081,0.982071809,0.931211886,pants
243.118076,285.4142407,99.94364277,289.1137716,5.084957108,5.729411765,3.22510723,5.700099962,0.734432686,0.73021494,0.764586121,0.730196492,0.706778569,0.70686458,0.719909308,0.706590283,0.974228473,0.969742887,0.989374414,0.969350695,pants
525.7170956,573.828143,203.9080729,653.7786851,6.494730392,6.922029988,3.868275123,7.533548635,0.779675789,0.779963222,0.804129111,0.774452097,0.755866381,0.755658652,0.765628846,0.755307953,0.936195985,0.930304275,0.975157454,0.920593683,pants
220.0296875,276.5339639,69.55537684,233.1241984,3.729197304,4.266528258,1.943489583,3.95301807,0.845946646,0.842685532,0.861938121,0.843754905,0.8313931,0.830608437,0.836247806,0.830562544,0.96392084,0.95480812,0.988594771,0.961902254,pants
596.4268076,614.8194848,63.79342831,621.7099423,7.415716912,7.659192618,1.928661152,7.666666667,0.736007217,0.731692478,0.833727755,0.731074403,0.701406054,0.701671014,0.716171692,0.701518522,0.936270102,0.934328587,0.993167178,0.933592588,pants
483.9583333,633.2653287,165.8978554,528.2035525,5.54966299,7.000876586,3.265073529,6.137608612,0.783721923,0.77179916,0.819505692,0.775828092,0.746848599,0.746160429,0.759222054,0.746621959,0.942492004,0.924435331,0.980144082,0.936971875,pants
344.5765012,422.812995,130.5956342,423.6841369,4.965379902,5.894825067,3.052159926,5.871510957,0.78248282,0.779084249,0.814952245,0.778252354,0.758821057,0.759231942,0.773190509,0.759232592,0.957517963,0.947834045,0.983837348,0.947726565,pants
1338.966299,1580.48163,515.9871936,1466.894179,10.95701593,12.59069589,6.349295343,12.03238754,0.751627193,0.745729337,0.773694286,0.747470709,0.730055929,0.728882146,0.739919265,0.729222134,0.852458873,0.826362233,0.943143205,0.838841386,pants
130.4839154,172.9412534,55.57244179,163.1963552,3.648743873,4.301868512,2.017110907,4.16284506,0.764187087,0.760219242,0.813143935,0.760308437,0.73561794,0.735955842,0.749905511,0.736095238,0.985143617,0.980357302,0.993669087,0.981464129,pants
1140.977819,1330.185467,362.1198529,1360.962645,11.63103554,13.37417916,6.749785539,13.52713572,0.645032368,0.639660692,0.687617858,0.640125961,0.618117192,0.617968175,0.63442249,0.617861078,0.900171323,0.883766344,0.968282178,0.881076987,pants
382.0866728,444.9662591,163.210432,448.6000923,5.394270833,6.414194541,3.710462623,6.395463283,0.747528009,0.735467431,0.772643888,0.734497786,0.697867826,0.698973301,0.710220896,0.698607988,0.960164441,0.953463124,0.982882641,0.953083079,pants
280.3083333,312.4808458,107.6871783,346.5567243,4.376654412,4.858146867,2.641344975,5.052933487,0.772052232,0.766954307,0.798991368,0.765679602,0.738239912,0.737458411,0.742847375,0.737319087,0.968876,0.965351421,0.988023809,0.961573011,pants
294.6622549,344.817624,113.0836397,350.3948328,4.47098652,4.911772395,2.543290441,4.874309881,0.836736736,0.835660676,0.857225978,0.836145333,0.824262444,0.82401515,0.83254978,0.824012407,0.951092322,0.942958615,0.981230517,0.942036007,pants
2140.883456,2903.228943,1908.956556,2963.058608,27.23900123,32.20948866,25.47377451,32.63006536,0.346761827,0.325121708,0.353505762,0.324470886,0.291469961,0.284114678,0.294329772,0.284184682,0.851926218,0.799067127,0.867967396,0.794926307,pants
925.1664522,1187.475863,520.0716605,1193.983053,10.39439338,12.17777778,7.619485294,12.30311419,0.680501629,0.667089136,0.700134678,0.667035908,0.639587989,0.636764746,0.645846068,0.636642687,0.919380029,0.896778399,0.954680412,0.89621276,pants
988.0614583,1310.699669,374.2783395,1185.891457,9.333946078,12.16079969,6.04598652,11.11587851,0.708118158,0.677998619,0.729659385,0.682403898,0.64423186,0.64158978,0.656084613,0.641499062,0.912305752,0.883963255,0.96678136,0.895012574,pants
702.9842525,760.0004767,270.2826746,833.758293,9.461580882,10.02548251,5.592018995,10.53199539,0.709959616,0.705631788,0.744570995,0.703446064,0.687015398,0.686100048,0.702042085,0.685657664,0.928043288,0.922390639,0.972323685,0.914858674,pants
233.3852635,477.3884506,264.2393382,384.4727105,5.717003676,8.304836601,5.495680147,7.405459439,0.684387287,0.670063074,0.705260113,0.673058325,0.644888499,0.644889852,0.658295531,0.645290462,0.978442306,0.955850582,0.975500215,0.964443534,pants
263.5820466,292.9704421,62.07403493,300.7660285,4.774479167,5.263898501,2.212668505,5.198846597,0.743957464,0.740389707,0.793352813,0.741502325,0.716236602,0.715960048,0.73304922,0.716006128,0.971528996,0.96845026,0.993295696,0.967610759,pants
655.4240809,778.148712,139.2699142,726.0599769,8.500153186,10.25051903,4.071292892,9.442522107,0.644045811,0.617579995,0.683961582,0.623403699,0.580973755,0.576500075,0.590141173,0.576335301,0.945519046,0.935454084,0.988423438,0.939774743,pants
431.4878064,727.3750711,402.6133885,674.9048212,7.133210784,10.09091888,7.122732843,9.705467128,0.723529701,0.711363883,0.738762197,0.712424335,0.699637525,0.696506661,0.711011506,0.696674512,0.95574432,0.925608005,0.958705834,0.930974379,pants
528.8668199,1171.350434,818.3867341,1111.63005,6.942126225,11.14448289,8.300306373,10.752203,0.746601029,0.737132602,0.758834046,0.737803734,0.717808154,0.71776939,0.726934385,0.717816257,0.942814023,0.873421119,0.911305706,0.879874644,pants
765.8535692,891.6473972,332.5147059,934.240569,9.980254289,11.744406,7.80658701,11.74319108,0.615025537,0.602808818,0.636762938,0.60303067,0.562878315,0.563237386,0.57206291,0.56291688,0.940336113,0.930469375,0.9740184,0.92714799,pants
625.4059743,898.163045,441.8650123,787.1000384,9.657659314,11.87389466,7.722794118,11.35184929,0.60973405,0.596529045,0.629648008,0.596573963,0.567858078,0.564973224,0.576898922,0.564945295,0.950178414,0.928600424,0.964799799,0.93742939,pants
558.0517463,683.6676048,242.2296262,683.2136563,6.949877451,8.18792772,4.594270833,8.171226451,0.794453461,0.788205292,0.81730492,0.788254223,0.781039168,0.778530512,0.789289792,0.778485532,0.927213429,0.911111495,0.968406041,0.911170516,pants
476.9220895,632.6279123,227.6494179,622.0277739,6.440104167,7.991695502,4.439460784,8.039984621,0.750127522,0.743663331,0.77432089,0.743154149,0.730613134,0.728181069,0.741763777,0.728121054,0.947001951,0.929908186,0.97470242,0.931082625,pants
258.6348958,386.4746175,177.3224571,366.3124029,5.432414216,6.794340638,4.052389706,6.676232218,0.71699396,0.707499846,0.749925679,0.707362403,0.689405066,0.686308957,0.701547521,0.68646086,0.974233191,0.961604407,0.982334039,0.963607488,pants
230.4845588,291.3653364,84.64836091,287.5942637,4.014583333,4.734409842,2.13013174,4.783467897,0.834264103,0.827634935,0.863322501,0.826960279,0.813731389,0.812652695,0.826459367,0.812620581,0.964051778,0.95460778,0.986768521,0.955195281,pants
558.4273897,653.9189542,141.2510723,622.2947789,5.712101716,6.535824683,2.284528186,6.376778162,0.787419149,0.778834902,0.861638037,0.780587465,0.749448069,0.74919243,0.763819271,0.74968514,0.932705944,0.921445692,0.982979936,0.925244657,pants
420.90625,528.5387313,175.3300705,520.1095732,7.317340686,8.675724721,4.632398897,8.562383699,0.644234764,0.633945568,0.677560508,0.631886465,0.592535552,0.592421266,0.606333661,0.591118391,0.963114684,0.953709903,0.984610392,0.954448139,pants
212.6338542,258.2505344,119.8186428,328.3630757,4.114613971,5.009042676,3.25893076,5.353740869,0.777115884,0.762542301,0.784394639,0.765910297,0.721506589,0.720529068,0.724952846,0.720358652,0.977479747,0.972633463,0.987265986,0.965203711,pants
172.1995404,294.6480277,132.2576593,239.1303345,4.006464461,5.384329104,3.276868873,4.721045752,0.742221215,0.727708182,0.757875309,0.729693175,0.699186943,0.695851337,0.705791797,0.696298616,0.982182843,0.969598522,0.986315553,0.97532678,pants
823.6248162,1042.836478,516.6032782,1104.42396,9.94877451,12.00221453,8.579044118,12.61124183,0.71108613,0.70409637,0.727198475,0.703241868,0.69330316,0.691214663,0.703477283,0.691336811,0.917669512,0.896048771,0.948359834,0.889909655,pants
869.7801164,1155.031665,470.7133885,1166.188881,10.00621936,12.56489043,7.832965686,12.66642061,0.636130149,0.620293635,0.650640761,0.620870229,0.597547303,0.593319796,0.605874048,0.593212732,0.927615545,0.904094784,0.960826499,0.903168372,pants
697.0898591,873.6851519,342.3832874,777.0066744,11.42303922,13.20106113,8.56573223,12.42966551,0.498774284,0.487892455,0.522856919,0.491482074,0.44508028,0.443461718,0.454163385,0.443772928,0.949766139,0.937080102,0.975313823,0.94404253,pants
1003.373162,1166.255025,312.2766085,1165.659715,9.25971201,10.47795463,5.022104779,10.54992695,0.727776275,0.723885811,0.768567923,0.722602577,0.700089425,0.698877521,0.713507632,0.698876808,0.898427537,0.882275995,0.968388884,0.882336087,pants
199.6466299,327.6552403,169.536152,316.633787,6.223192402,8.466620531,5.873345588,8.367889273,0.525375127,0.485046828,0.519632353,0.486939971,0.388232187,0.383660478,0.389625803,0.383428745,0.985592697,0.976368475,0.987765633,0.977163377,pants
442.8520833,550.6538408,227.4092831,551.4962553,8.416973039,9.789096501,6.145128676,9.800999616,0.605159506,0.597717617,0.634957769,0.597692778,0.565940521,0.565629092,0.579279853,0.565236317,0.964589133,0.956072396,0.981820519,0.956005161,pants
342.1532169,389.8791696,138.9067862,448.9123106,5.350520833,5.894209919,3.437974877,6.545251826,0.767149311,0.764082362,0.790788375,0.760926657,0.742336828,0.742518555,0.754741015,0.7422267,0.960058846,0.954393217,0.983701777,0.947487714,pants
398.7820772,448.8187466,123.6375153,487.1829758,6.067647059,6.798169935,3.350260417,7.090734333,0.73989757,0.734406549,0.770965539,0.731967725,0.705923215,0.705108179,0.716793265,0.704814286,0.958353501,0.953228094,0.987078665,0.949230114,pants
837.1910233,995.4312495,271.5303768,1020.333918,8.891544118,10.50280661,5.467141544,10.76553633,0.693879626,0.689795096,0.726282348,0.688459297,0.671165139,0.670636361,0.686677261,0.670636004,0.919422682,0.904459971,0.973868515,0.90206985,pants
445.2542279,668.5647674,350.7135417,684.4279277,6.003002451,8.044567474,5.303400735,8.206412918,0.769164609,0.760711571,0.783986036,0.760776322,0.742895842,0.742485218,0.750920127,0.742498739,0.947856869,0.921925538,0.958921129,0.92007305,pants
163.140625,245.3514956,171.8739124,318.3637216,4.369117647,5.470834295,4.361289828,6.1472203,0.725167924,0.72105764,0.736197787,0.717579088,0.691453906,0.692331705,0.696561854,0.691685391,0.983539154,0.975231655,0.982601656,0.967861037,pants
604.6965993,713.3385621,262.3094975,725.6328489,7.296170343,8.253564014,4.835845588,8.43432526,0.75351532,0.748948515,0.779413088,0.748419942,0.735410532,0.733808073,0.746324273,0.733791932,0.93183946,0.919834054,0.970432847,0.918452405,pants
270.9549326,322.2069358,149.6634498,403.7726105,5.176531863,5.637001153,3.513939951,6.533979239,0.772422624,0.769671634,0.799459322,0.76728814,0.749369989,0.749288198,0.76049353,0.749747076,0.967932411,0.961903891,0.982250286,0.95225998,pants
861.124663,1056.84995,355.4316176,977.0917647,8.74151348,10.59340254,5.943259804,9.942760477,0.726084358,0.71879596,0.748699347,0.720314973,0.69938956,0.699113184,0.712770627,0.699419888,0.911313483,0.890951571,0.963221863,0.899181221,pants
259.6394914,300.3164629,82.07650123,323.2476432,4.345251225,4.901038062,2.47098652,5.28627451,0.752511148,0.733624636,0.778947851,0.730343571,0.680980425,0.681054221,0.691768575,0.681220913,0.97414591,0.969981714,0.99177372,0.967689616,pants
767.7712316,928.9179239,354.4286458,874.2216378,9.242830882,10.48092272,6.071262255,10.22142253,0.763056248,0.760135994,0.79108178,0.760055997,0.75068383,0.749583162,0.763672096,0.749753779,0.907239739,0.88798825,0.957130627,0.894583695,pants
925.4284007,1268.341223,545.6484375,1250.18762,11.47420343,14.16845829,8.661366422,13.9817301,0.64707684,0.635607552,0.663036033,0.635575875,0.615560261,0.612083168,0.622738498,0.612022222,0.921206834,0.892266001,0.9535422,0.893807984,pants
577.1664522,851.4172088,476.4109375,922.5279815,9.254595588,11.97025759,8.739368873,12.59881584,0.600870405,0.586282774,0.614536539,0.585155676,0.556892398,0.552976635,0.565177045,0.553126563,0.954490151,0.932999843,0.962434771,0.927403958,pants
515.8589767,635.3286428,184.8528952,623.7129566,6.465104167,7.65645521,3.724770221,7.610995771,0.75940614,0.751097466,0.784614474,0.750485815,0.734434305,0.732496184,0.747007088,0.732435479,0.941338671,0.927970223,0.978979573,0.92928714,pants
523.310386,797.0901038,405.740625,791.3487428,7.147640931,9.999015763,6.715042892,9.614978854,0.71360092,0.699053101,0.721983224,0.700890134,0.667422059,0.667734257,0.676798064,0.66664888,0.950418642,0.924675617,0.961555306,0.925218171,pants
1125.248652,1309.241615,493.6878983,1333.260254,9.476133578,11.60387543,6.657996324,11.65868512,0.748056152,0.712264768,0.765865508,0.712112614,0.64297423,0.642453332,0.654118027,0.642237422,0.903408442,0.887801391,0.957585061,0.885743056,pants
614.1524816,673.6343406,196.4909773,745.9585236,7.021629902,7.938531334,4.322901348,8.404905805,0.717781931,0.706762071,0.734027454,0.705132439,0.678128383,0.678500541,0.690902178,0.678132747,0.939575391,0.933881001,0.980661344,0.926782191,pants
962.4915441,1398.460838,803.66731,1343.482445,11.26841299,14.48716647,10.36795343,14.19657055,0.708093139,0.697865289,0.723665125,0.698909785,0.68714557,0.68433513,0.696787724,0.684426961,0.904601891,0.861773616,0.92034388,0.867207779,pants
419.833701,716.6901653,454.5300858,664.2523337,8.201470588,10.85603998,8.259252451,10.44336794,0.666368164,0.655244002,0.674409004,0.655019189,0.636929862,0.634386413,0.643390206,0.634094401,0.962798275,0.936651641,0.959723807,0.941286629,pants
407.1537071,516.1852364,194.4252911,509.3420838,6.337193627,7.577439446,4.392478554,7.518200692,0.72682342,0.721073051,0.761356242,0.72111491,0.700844986,0.70100252,0.717371024,0.701169642,0.958056762,0.946943087,0.979958735,0.947646471,pants
587.9922488,705.3146021,278.9899203,707.7400692,7.677359069,8.52118416,4.931893382,8.592110727,0.757224056,0.751894662,0.788616986,0.751111848,0.741971931,0.739822318,0.754993837,0.739728699,0.932342552,0.919088257,0.967897968,0.918810014,pants
1093.586428,1330.995525,627.4768995,1383.669204,14.43927696,16.05767013,10.4950674,16.6059208,0.590651746,0.581558632,0.613807303,0.58141125,0.567296206,0.563713816,0.577214714,0.563894731,0.91199631,0.893111597,0.949505333,0.888881526,pants
368.2049632,486.2917955,190.2368873,475.3259516,5.193198529,6.198662053,3.4953125,6.225021146,0.780578917,0.775485395,0.803004704,0.774724968,0.754768072,0.754633631,0.764534758,0.754863343,0.955850209,0.941875254,0.977191989,0.943185963,pants
285.14375,468.8733256,280.7627757,442.2417532,6.312132353,8.39467897,6.040625,8.122445213,0.697002935,0.686931288,0.711375335,0.686796084,0.668133681,0.666231776,0.67774081,0.666292958,0.972373153,0.954694171,0.972798178,0.957267463,pants
676.7112745,878.238862,387.7268382,870.6087812,9.348743873,10.79304883,6.227849265,10.74174548,0.672259537,0.665616871,0.706626676,0.665307125,0.645330991,0.642189614,0.657431625,0.642233835,0.938494661,0.920382438,0.964760051,0.92107415,pants
392.2336703,510.4582545,187.3748468,531.4004767,4.985661765,6.153110342,3.332843137,6.43657055,0.800291218,0.788482363,0.821343237,0.787909689,0.768513471,0.766643519,0.7792064,0.766688413,0.949914506,0.935022335,0.976073544,0.932356541,pants
604.5709252,719.8855825,244.9926777,747.4343714,6.886366422,7.911726259,4.383210784,8.100668973,0.785355602,0.777458903,0.80995705,0.776466064,0.764914845,0.763336478,0.777457059,0.763366509,0.924768978,0.910699258,0.969513834,0.907281871,pants
666.4469975,835.8259131,283.1143382,821.1020684,7.616605392,9.543744714,5.557352941,9.220299885,0.709679684,0.690319337,0.730107148,0.692083971,0.639833413,0.63905785,0.652216217,0.639246445,0.941255297,0.926461765,0.975028119,0.927757209,pants
481.0657782,643.6172549,298.6428309,667.3262591,6.911029412,8.19254133,5.018014706,8.438600538,0.767054181,0.761538255,0.784588123,0.760635914,0.748832185,0.746089926,0.754328942,0.746012816,0.943805013,0.925044222,0.96511448,0.922283068,pants
494.2601103,606.4113033,211.3884651,630.9638908,6.751623775,7.804275279,4.330101103,7.952495194,0.715912286,0.710301414,0.745348053,0.708954325,0.679484541,0.680150605,0.693481522,0.679845012,0.951641466,0.940814034,0.979311733,0.938417693,pants
1167.844822,1381.982376,648.6029718,1561.937163,13.85931373,15.64392157,11.10870098,16.99041907,0.606371774,0.599082269,0.624079457,0.597226818,0.584248061,0.581780544,0.593513403,0.581535167,0.903086556,0.885556171,0.94617577,0.870653872,pants
369.4051777,451.5899577,141.192019,419.3292272,5.598529412,6.300576701,3.169776348,5.914663591,0.76688469,0.763293511,0.795254012,0.763462075,0.739506864,0.739317561,0.750217721,0.739318838,0.957150766,0.947525583,0.983544193,0.951274256,pants
211.2970895,391.5157862,255.9186581,406.8300807,4.682506127,6.701453287,4.632414216,6.806489812,0.787921486,0.781572405,0.814329501,0.781832044,0.771545264,0.770769745,0.785152931,0.77047942,0.972509501,0.949224169,0.966704807,0.947238052,pants
630.6958027,791.4805998,250.6203738,731.2530873,6.753890931,8.342206844,4.417156863,7.909019608,0.772410427,0.766019608,0.801298195,0.766409553,0.740996173,0.742025453,0.754940649,0.742161907,0.926000979,0.906931843,0.970441298,0.914013841,pants
485.8603248,756.6082891,379.3969056,790.3096963,6.731127451,9.66686659,6.245925245,9.807612457,0.722713668,0.702857958,0.738514768,0.702491257,0.676846134,0.673592541,0.689314346,0.673562078,0.952651332,0.926467096,0.963026539,0.923191739,pants
669.2462929,855.1389773,259.7716912,856.565321,7.360324755,8.695886198,3.785079657,8.848627451,0.726690691,0.713017934,0.802462678,0.713031467,0.671832598,0.668030102,0.67700543,0.668075085,0.936957721,0.919659597,0.975529787,0.919525592,pants
236.1660539,277.2795386,94.22288603,282.9793464,4.515257353,5.136055363,2.7359375,5.139100346,0.78940601,0.784027229,0.817483013,0.783778143,0.76827511,0.766419441,0.779294676,0.766435183,0.970194622,0.965115678,0.988108584,0.96439859,pants
334.8147365,418.974702,128.4224571,407.9566936,5.251348039,6.115401769,3.226011029,6.129488658,0.778147545,0.773956413,0.802829944,0.774170033,0.759810356,0.758409146,0.768576768,0.758469514,0.958773579,0.948570026,0.984187224,0.949922509,pants
587.3279718,683.6155325,256.1592218,799.5132641,7.366697304,8.539976932,4.979901961,9.46485198,0.704322902,0.697485027,0.735568713,0.694786172,0.668965835,0.669411369,0.683926193,0.66893405,0.943452382,0.934360778,0.975337973,0.923232539,pants
273.0344975,315.8774933,161.8445772,420.7436832,5.668198529,6.312802768,4.041268382,7.479307958,0.684320494,0.675123238,0.720367657,0.667671031,0.636171265,0.634359576,0.64719808,0.633286861,0.97489805,0.971031051,0.985120508,0.961413831,pants
431.6814951,513.648489,252.4374847,637.9381007,6.510447304,7.721291811,5.014353554,8.492964245,0.733023535,0.726826726,0.759928257,0.726272964,0.696321345,0.697686808,0.707205032,0.696699813,0.953159912,0.944281988,0.972541305,0.930799675,pants
724.4571998,818.0771703,164.823315,823.788912,6.74185049,7.536547482,2.981893382,7.718292964,0.780872858,0.773369787,0.82462247,0.772140317,0.746909308,0.745090775,0.755047568,0.745197934,0.916899844,0.906448076,0.981094452,0.905794904,pants
489.9569853,617.4853364,270.035815,615.3241984,7.819791667,8.92828912,5.197824755,8.84130719,0.722165098,0.713848232,0.75406424,0.715402129,0.68209264,0.681807643,0.693977871,0.681947222,0.952116283,0.939650938,0.973536216,0.939862154,pants
173.503125,247.9486351,110.1154412,242.8166705,4.19028799,5.23561707,2.999877451,5.113325644,0.773048631,0.768017029,0.808283078,0.76910942,0.748821694,0.748950827,0.761430972,0.749011602,0.979298864,0.970500968,0.986859339,0.97111153,pants
193.7175858,264.1632449,109.1691023,267.5733795,4.288020833,5.278077662,3.107092525,5.408089196,0.767078472,0.760676968,0.798361214,0.760052701,0.738746948,0.737455953,0.75187066,0.737978963,0.977815313,0.969840018,0.987498165,0.969450677,pants
984.9832108,1247.497178,586.3030025,1270.197616,13.24160539,15.46826605,10.30713848,15.70961938,0.583157727,0.566695595,0.604321623,0.566533984,0.535840751,0.531896587,0.54343389,0.532030142,0.923841212,0.903714369,0.95466712,0.901962177,pants
222.363174,340.3063591,156.9407629,331.1267512,4.065196078,5.336547482,2.939016544,5.324675125,0.781129935,0.770669257,0.829317613,0.768805904,0.735037089,0.735458514,0.750059996,0.735549383,0.974766838,0.961498491,0.982190905,0.962537051,pants
523.7763787,668.4566244,487.4636949,764.5998923,8.305300245,9.257762399,7.953308824,10.30256055,0.715707149,0.711455969,0.718192281,0.708144605,0.694666314,0.691921851,0.695935166,0.691628813,0.947997984,0.933817427,0.951603211,0.924298472,pants
487.3639706,582.2515186,235.7302543,559.9698731,8.159620098,9.217885429,6.227221201,9.249504037,0.629348673,0.625016661,0.64803217,0.624300093,0.595789038,0.596672927,0.607770676,0.596535859,0.959386017,0.951583205,0.980353116,0.953436023,pants
278.4767463,319.1363937,81.58556985,339.4311726,4.786580882,5.414409842,2.382598039,5.488319877,0.785975138,0.780872243,0.816816769,0.78041404,0.760914183,0.760668256,0.77261153,0.76046794,0.965582834,0.96065104,0.989909357,0.958148729,pants
454.8347426,532.6486428,152.0734069,548.4698808,6.601194853,7.438308343,2.838449755,7.677416378,0.765569285,0.751038119,0.84559099,0.749114413,0.69423895,0.691485252,0.705116948,0.691326104,0.956735979,0.949475296,0.985535112,0.947974564,pants
478.6483456,564.8218685,154.2912071,554.9737793,5.871568627,6.701730104,3.145036765,6.613917724,0.765470209,0.757129958,0.805415212,0.758232196,0.735615238,0.733491959,0.747109154,0.733507415,0.94603978,0.936515234,0.982606046,0.937622138,pants
396.4693627,485.005767,243.756587,498.4467205,6.058394608,6.866620531,4.470894608,6.991987697,0.785652089,0.782262544,0.812182145,0.78194873,0.767072499,0.766604606,0.779426094,0.766511453,0.949833222,0.938798595,0.969144766,0.937102522,pants
279.4272672,352.6850596,117.9559743,328.9447136,5.126194853,6.097562476,3.134773284,5.781191849,0.765796421,0.753677223,0.796436131,0.753986949,0.697451504,0.695109764,0.707677052,0.695071625,0.973421123,0.966547925,0.98878014,0.96879969,pants
1047.02065,1191.744344,416.0800858,1215.185852,10.38688725,11.32921184,6.400612745,11.52661284,0.747574162,0.743489363,0.772337576,0.742697096,0.731710075,0.72945456,0.743251417,0.72930081,0.881909568,0.865983721,0.95307153,0.863347633,pants
1162.373392,1355.130458,419.5037531,1411.537301,12.04443934,13.52445982,7.320726103,13.92653595,0.651473034,0.643142205,0.677496592,0.643290621,0.627089179,0.624272776,0.63756261,0.6240426,0.898474926,0.88192864,0.963359322,0.877013861,pants
401.81394,679.0724952,349.1432138,576.3495425,7.750582108,10.51664744,6.983685662,9.557723952,0.668130524,0.656546473,0.683979188,0.65942851,0.639190203,0.636815318,0.648826786,0.636859746,0.963935403,0.939204954,0.968663299,0.94840139,pants
218.9878676,274.8377855,69.27899816,260.604306,3.758792892,4.511203383,1.997104779,4.359477124,0.833095813,0.824383497,0.858811782,0.824978905,0.812602173,0.811729327,0.825347998,0.811637858,0.965773859,0.95716391,0.989166208,0.959382334,pants
171.52356,227.9999077,74.45563725,219.3148481,3.459558824,4.119677047,2.153921569,4.229081123,0.791045877,0.785813375,0.821862076,0.781323959,0.753962906,0.753717756,0.762352921,0.753794053,0.97966545,0.97291829,0.991129015,0.973949897,pants
202.7632047,260.3214302,118.2438879,288.7979854,4.491237745,5.114263745,3.166528799,5.591926182,0.744531242,0.736705671,0.766127686,0.73452428,0.708131527,0.70872557,0.7199973,0.708573741,0.978609531,0.972453149,0.987451583,0.9694398,pants
1023.763725,1280.924783,386.529565,1266.651995,10.75759804,12.72547482,6.510845588,12.66322184,0.651923435,0.639940571,0.693624739,0.640014464,0.618230635,0.614405132,0.630623631,0.614495282,0.911764893,0.889864818,0.966686183,0.891092007,pants
563.1446691,658.2999154,293.3752757,682.2387082,7.374540441,8.064098424,5.113541667,8.341683968,0.798416033,0.796998786,0.819187192,0.796183231,0.788704299,0.788148035,0.798889523,0.788102584,0.922859117,0.910115304,0.95981305,0.906846685,pants
257.1937194,341.3054671,139.9213542,346.5079585,5.215410539,6.221053441,3.630821078,6.436601307,0.743228769,0.740774828,0.777284763,0.738638411,0.71703666,0.718055616,0.732538772,0.717660355,0.971749737,0.962486324,0.984575822,0.961914507,pants
228.5895527,301.4738947,108.0340686,293.92609,4.063511029,4.80768935,2.587377451,4.694071511,0.815066015,0.810290782,0.836729038,0.812132886,0.793900572,0.793026693,0.802516281,0.793608803,0.967678182,0.957510824,0.984724441,0.958574598,pants
1185.488358,1537.598308,524.9917892,1515.133133,12.77454044,15.34769704,8.382720588,15.12572088,0.60979902,0.59893828,0.641241359,0.6010832,0.581046118,0.576962063,0.5922117,0.57703896,0.903222113,0.874750413,0.957142054,0.87658038,pants
690.0020527,704.6168089,190.0167586,797.80995,6.634895833,7.179238754,3.647732843,7.778177624,0.787110636,0.775417139,0.823355091,0.774032779,0.730737611,0.731291269,0.740698022,0.730983048,0.925061805,0.923309554,0.979257642,0.913166419,pants
354.4954044,424.8472895,139.3382506,464.0791234,5.507291667,6.490688197,3.478936887,6.872971934,0.751769155,0.733529841,0.777394049,0.729818375,0.674627716,0.674898015,0.686159912,0.674300967,0.965568004,0.958820225,0.986458014,0.955017545,pants
330.0034926,428.9743483,166.2953891,428.0361861,5.03192402,6.028589004,3.345971201,6.062945021,0.785342361,0.778667188,0.810042143,0.779268286,0.762432614,0.761774602,0.774644905,0.761866569,0.958730651,0.946318216,0.979125061,0.946435617,pants
268.9342831,368.8813687,151.6985447,366.5373779,4.696323529,6.067527874,3.718795956,6.030034602,0.787341734,0.779349053,0.803917149,0.779881249,0.765929095,0.765714712,0.77699878,0.765926775,0.965586571,0.952836076,0.980543876,0.953135771,pants
259.8935662,334.839431,126.0617341,327.5409765,6.029381127,7.021330258,3.663817402,6.904759708,0.698582795,0.690016735,0.75013051,0.69187002,0.664964141,0.664136302,0.679379372,0.664674056,0.975178785,0.968094268,0.987956124,0.968789713,pants
865.8110294,1013.813057,206.8604779,954.4382007,9.977849265,11.15444829,4.37120098,10.6925644,0.684940041,0.678576354,0.724840228,0.68011532,0.661233917,0.659387746,0.672453394,0.659297253,0.91864218,0.904955475,0.980556325,0.910521841,pants
477.1998162,591.2389696,214.2965686,644.9760554,5.921844363,7.172441369,3.749785539,7.427051134,0.775250025,0.770655077,0.809334643,0.771346186,0.750176803,0.750450688,0.763782032,0.75015614,0.942395351,0.928851723,0.974133017,0.922385131,pants
728.2371936,819.4954095,234.412546,847.5588312,7.026011029,7.982791234,3.736749387,8.04083045,0.777197469,0.766205466,0.81204842,0.765851407,0.723694057,0.723755199,0.734474314,0.723479817,0.921164797,0.911278314,0.974547384,0.908240062,pants
177.9723652,287.7995233,122.4620711,242.0611457,3.97588848,4.931426374,2.797579657,4.690995771,0.763049223,0.758818132,0.790219918,0.759394839,0.734573653,0.735180983,0.746393707,0.73515111,0.979804984,0.967294719,0.986041693,0.972492387,pants
658.5928922,778.9656901,226.1007659,799.0179162,7.837224265,9.011887735,4.811519608,9.362891196,0.701870503,0.693139607,0.728928539,0.69093551,0.672244879,0.669121643,0.684077031,0.66904641,0.936662712,0.925288483,0.978255749,0.92336525,pants
403.46875,537.7687043,247.3752757,517.2170704,5.884160539,7.283137255,4.782843137,7.090319108,0.774159006,0.76775354,0.789251846,0.768567977,0.750644967,0.7497703,0.758160279,0.749817448,0.95222502,0.936434819,0.970670546,0.938864057,pants
456.4788297,531.9473433,138.3623468,499.0790004,5.959865196,6.758200692,3.314276961,6.500207612,0.749842576,0.74412939,0.781002592,0.744007178,0.713150238,0.71347477,0.725616965,0.713508378,0.951283392,0.94340098,0.985235483,0.946898161,pants
295.0439032,539.0713264,284.4974112,460.4903191,5.333241422,7.691211073,5.132674632,7.085382545,0.742888462,0.730450976,0.757533565,0.734613249,0.705101583,0.704555116,0.715446904,0.70552108,0.968709973,0.942980437,0.969822069,0.95129224,pants
637.9604167,824.6230527,266.6279412,826.115494,7.371047794,9.19526336,4.910631127,9.1455594,0.747794549,0.737379352,0.771014054,0.737051051,0.722283286,0.718913311,0.731974573,0.71886774,0.931346717,0.911518277,0.97130718,0.911358138,pants
202.699663,380.573118,239.9890778,363.7992003,4.129534314,5.944006151,3.980683211,5.747527874,0.805058457,0.796920353,0.83165864,0.797752025,0.781973519,0.781730942,0.792670674,0.781471311,0.973231294,0.949893845,0.968302221,0.952102295,pants
232.3801777,283.7584929,94.94650735,269.9641676,4.487132353,5.222514418,2.718688725,5.097239523,0.795679182,0.789694925,0.816730753,0.790691089,0.776512169,0.774930928,0.781851323,0.774916254,0.970233319,0.963755481,0.987834186,0.965517432,pants
584.0604626,740.208812,279.5734222,841.6532257,8.254396446,9.527258747,5.505009191,11.02602076,0.663321591,0.645061909,0.696246859,0.638744452,0.606730138,0.603259372,0.61715316,0.603076013,0.949354445,0.935958964,0.975757388,0.927182166,pants
555.0901348,708.7109419,226.181204,616.8443368,6.790625,8.128704344,4.488526348,7.546620531,0.775820918,0.770415015,0.799751673,0.772484978,0.753367411,0.752333668,0.764140611,0.752949361,0.932783508,0.914449228,0.972613138,0.925538741,pants
490.0260417,594.2876894,191.2746477,491.9679354,6.08682598,7.044198385,3.559727328,6.163644752,0.774289164,0.766132243,0.811504814,0.774490751,0.734948444,0.734846593,0.746879308,0.736901896,0.944918424,0.933327011,0.978476518,0.944806239,pants
482.2142463,578.4061822,214.8717831,637.2705575,8.643321078,10.27973856,5.844209559,10.51813918,0.600771773,0.550127356,0.636065629,0.55387903,0.461812273,0.4553961,0.463398492,0.455463281,0.9659985,0.959265967,0.984849135,0.955120465,shirt
550.1444087,705.7474048,258.9766391,668.2307728,8.302037377,9.946651288,4.278599877,9.697685506,0.679575803,0.652770904,0.779129576,0.652946636,0.45938206,0.454398002,0.468118919,0.454494646,0.969341034,0.960713771,0.985567506,0.962802202,shirt
399.4435355,424.8843522,158.9767004,493.5792849,6.657781863,7.293425606,4.257981005,7.849427143,0.644011557,0.620088956,0.684557547,0.618011703,0.535100039,0.534703937,0.543067545,0.534396238,0.968146871,0.966071023,0.987282996,0.960585416,shirt
525.1589154,830.5297347,464.8245098,712.3154479,8.425551471,11.51378701,7.827205882,10.49507113,0.665379639,0.619546199,0.665965829,0.625158437,0.547751332,0.542095394,0.547538806,0.542285642,0.961432366,0.939123509,0.965863321,0.947788426,shirt
398.6977328,581.5708266,266.4194393,526.9788697,8.574938725,11.06932718,7.579825368,10.71875433,0.44899596,0.417704152,0.460966153,0.417966648,0.337548377,0.335992363,0.343870992,0.335648816,0.970126784,0.956435741,0.980048139,0.960525111,shirt
298.6845282,402.3156324,180.4648284,412.2011842,5.225428922,6.412210688,4.010477941,6.566366782,0.73103454,0.703176417,0.749923249,0.701600867,0.639087283,0.635251289,0.640034302,0.635187023,0.974086937,0.965181991,0.984343359,0.964326455,shirt
356.3532169,514.4293426,229.9134804,511.661238,6.499019608,8.463760092,4.421292892,8.433863899,0.691202591,0.641640268,0.751276531,0.640578417,0.467610466,0.463087475,0.471596733,0.462996764,0.971834064,0.959390329,0.981830307,0.959608847,shirt
286.6530944,416.6638985,213.6026042,413.7711342,5.368841912,6.764813533,4.325704657,6.736424452,0.705995362,0.692827863,0.724923312,0.692546261,0.653983433,0.653538476,0.661402581,0.653279368,0.971423348,0.958572041,0.978709177,0.958859662,shirt
372.5997396,516.5677355,303.7012408,517.572872,5.460922181,7.693118032,5.708379289,7.72509035,0.796996609,0.646290501,0.685603507,0.644582369,0.329531642,0.321891964,0.326248289,0.321875371,0.973153493,0.962760572,0.978117995,0.962688133,shirt
689.522549,1120.358416,608.3699449,994.2989004,13.65370711,17.70835832,12.33036152,16.64965782,0.510369466,0.492902543,0.534725504,0.494543043,0.457873807,0.453967933,0.464301644,0.454018021,0.951644637,0.921530166,0.957335769,0.930359366,shirt
333.488511,510.8809227,226.8090686,515.9897578,6.577022059,8.437339485,5.048039216,8.463606305,0.586341666,0.558398605,0.600706547,0.560275136,0.500885477,0.496405755,0.504274725,0.496375566,0.97498317,0.961735713,0.982985847,0.961353069,shirt
460.6987439,637.3635371,393.6480699,639.8376009,5.488296569,7.308204537,4.850275735,7.336716647,0.84960316,0.826565685,0.863626889,0.826814721,0.565801906,0.560775887,0.566793823,0.560776992,0.97892075,0.970861193,0.981987718,0.970748085,shirt
738.4126225,1025.132364,603.790625,1035.006044,8.12120098,11.08358324,7.310569853,11.13768551,0.76072781,0.682099258,0.757713692,0.681205335,0.452129011,0.445601529,0.452134368,0.445281993,0.950680042,0.93159802,0.959671696,0.930939199,shirt
360.4603248,553.8417224,335.9207414,566.1852518,6.131801471,8.437831603,5.346354167,8.456255286,0.758769948,0.715940824,0.798574306,0.716471929,0.594186703,0.589911535,0.595611803,0.589965873,0.968881901,0.952280324,0.971000374,0.95121679,shirt
434.5099418,805.4990696,482.5199755,746.4271126,9.983287377,13.93471742,10.36727941,13.31440215,0.570415213,0.552300184,0.566106367,0.552376528,0.535440799,0.528831272,0.533167229,0.528435848,0.966212021,0.937475595,0.962478571,0.942060875,shirt
603.6788297,843.1382238,447.0838082,812.0482737,9.79911152,12.10554402,8.136688113,12.2,0.52149666,0.504022285,0.535615761,0.501622077,0.454542504,0.450235716,0.457306779,0.45014353,0.956761971,0.939689268,0.967979201,0.941913171,shirt
634.8310968,755.7296578,236.5837776,782.6453364,9.071047794,10.53808535,5.754059436,10.8932103,0.584076539,0.557580134,0.609718084,0.55245202,0.481804441,0.480893444,0.487862606,0.48094827,0.952123132,0.943016068,0.982136889,0.940986558,shirt
609.8908395,878.8781238,367.7670343,881.0193003,7.03247549,9.222237601,4.8671875,9.192587466,0.678822027,0.621900599,0.715996303,0.622187678,0.493576952,0.489293012,0.497127945,0.489102983,0.955635024,0.936162101,0.973247727,0.936006575,shirt
802.2917739,1072.394971,751.4726103,1085.038293,6.066590074,8.056855056,5.673835784,8.125505575,0.906148777,0.887339816,0.909652339,0.887276217,0.654896661,0.652853508,0.656321912,0.652843307,0.96670754,0.9553635,0.968839938,0.95483728,shirt
707.5106464,1044.63331,613.8791513,1065.384698,15.3198989,18.59243368,13.8102788,18.78840446,0.425281427,0.409676883,0.428624711,0.410218022,0.388708051,0.381626025,0.388026537,0.3815975,0.949113346,0.924905123,0.955847652,0.923413445,shirt
584.2145527,758.3628451,515.238511,798.5010381,9.028125,10.49048827,8.607781863,10.74328335,0.722745584,0.714114064,0.724341496,0.713497149,0.703278257,0.699498376,0.704638321,0.699467411,0.940843326,0.923424473,0.947827735,0.919371528,shirt
634.3002451,953.1231373,632.2708027,916.6843829,10.78008578,14.04484429,10.45067402,13.82280661,0.604835915,0.559437341,0.603984114,0.561791366,0.494922219,0.490585001,0.498843326,0.490665934,0.950224253,0.92530386,0.950383763,0.92815956,shirt
876.7104779,1384.292349,814.5931066,1364.215794,6.564001225,9.818562092,5.980177696,9.760307574,0.875026236,0.837199319,0.892293384,0.837328664,0.587020554,0.580853148,0.588196794,0.580905594,0.965571293,0.945663167,0.968009123,0.946451221,shirt
834.7392923,1143.83045,440.148943,1164.254933,12.37789522,15.91866205,8.931755515,15.62148404,0.42249055,0.370717955,0.462004841,0.373494963,0.192013282,0.18440703,0.203447809,0.183696401,0.936337299,0.912624437,0.96641199,0.91106424,shirt
526.9787071,642.5211688,228.1768229,619.1785775,10.01997549,11.27355632,6.534114583,11.11847751,0.422549992,0.407956531,0.470671456,0.41109036,0.334816126,0.333821524,0.344543973,0.334208411,0.95708653,0.947642362,0.981416773,0.949544499,shirt
571.0110907,715.7405306,214.6708333,626.0744022,11.85851716,13.3053441,7.168290441,12.62511342,0.413388475,0.40403763,0.460424959,0.405558232,0.359999772,0.356480154,0.370973901,0.35648269,0.9606049,0.950642557,0.985189963,0.95682593,shirt
880.0388634,1361.479231,840.7699755,1354.731211,12.93953738,17.60462899,13.18547794,17.73645521,0.482862751,0.442048433,0.473954868,0.439237188,0.37822431,0.373613981,0.379771727,0.373417227,0.938762091,0.905310376,0.941496778,0.905779602,shirt
170.0268076,203.8306498,78.73020833,227.2480431,4.094669118,4.779700115,2.697977941,4.956739715,0.779812565,0.761367445,0.795470281,0.760260428,0.729447043,0.726125704,0.731318913,0.7262177,0.981503854,0.977891119,0.991435436,0.975351106,shirt
254.1162684,358.5677662,136.5904871,295.790496,6.645710784,8.237216455,4.652864583,7.588911957,0.539685683,0.516881186,0.595591184,0.521863723,0.448458493,0.447720893,0.454860003,0.447785041,0.980818442,0.97297772,0.989695943,0.977708722,shirt
251.4352022,350.5594002,122.6284467,288.2936255,5.58716299,6.786082276,3.768458946,6.054271434,0.668569612,0.659413206,0.697544882,0.662851539,0.617631158,0.617031409,0.624727779,0.616999077,0.97782022,0.969151255,0.989183682,0.974630558,shirt
363.4252451,505.6138101,284.9541667,580.7273203,7.335171569,9.515355632,6.99776348,10.30923491,0.608702165,0.572450481,0.606427197,0.569673518,0.511351623,0.506241912,0.513399206,0.506087742,0.97274209,0.962140625,0.97862764,0.956516272,shirt
377.1423407,522.1177086,321.796201,546.1368704,6.910355392,9.205720877,6.287622549,9.303098808,0.724790171,0.663799849,0.728362504,0.661591615,0.390274599,0.383553476,0.390489336,0.383559566,0.976909715,0.968040682,0.980298169,0.966570447,shirt
2230.57837,3206.341992,2207.606679,3230.691211,22.12984069,29.85544022,22.30637255,30.04379854,0.615543625,0.527409595,0.608633777,0.52643563,0.372712663,0.363855127,0.373023819,0.363884273,0.860305988,0.799142249,0.861744632,0.797616919,shirt
281.4768995,418.0431526,199.5388787,408.7377163,4.089093137,5.442183775,3.020159314,5.372825836,0.800359546,0.767693906,0.837701064,0.767204129,0.625281965,0.621233555,0.628040237,0.621299012,0.976401791,0.96503567,0.983271237,0.965813959,shirt
510.1064032,599.5579546,214.3612132,583.4644521,10.95232843,11.98206844,6.754963235,11.99178777,0.536664349,0.525417886,0.582018666,0.524524808,0.487311522,0.483794956,0.490632569,0.48355082,0.962824733,0.956369613,0.984377896,0.957540752,shirt
502.0469669,583.2978085,314.5950061,798.957847,10.81973039,12.76019992,8.948345588,14.69453287,0.515425738,0.467731485,0.517205042,0.461658901,0.407653432,0.402210888,0.408230099,0.402175307,0.961275417,0.955029727,0.975734222,0.938403195,shirt
210.0969975,303.7304114,170.198223,294.2979162,6.067034314,7.318262207,5.004810049,7.223283353,0.606936157,0.59782342,0.629804579,0.598335359,0.561669412,0.559348771,0.568944277,0.559517738,0.983283683,0.975883695,0.986458219,0.976632639,shirt
117.8898591,168.517401,96.67824755,160.9606459,2.511672794,3.277816225,1.990379902,3.150234525,0.870419317,0.852548224,0.886490228,0.854331755,0.801535208,0.798877386,0.801857208,0.798894652,0.984259643,0.977572586,0.987091764,0.978578289,shirt
635.7377145,725.7095117,205.5597886,742.5926797,6.662316176,7.902452903,4.000199142,8.139930796,0.748410141,0.714869482,0.769296298,0.712115402,0.649056872,0.648654335,0.659054012,0.648675421,0.942531324,0.934550126,0.981413996,0.933027477,shirt
394.5020221,503.4209919,214.3773897,528.0819685,5.796323529,7.231372549,4.029534314,7.457593233,0.699039003,0.64742438,0.739971388,0.646486185,0.491675939,0.487480635,0.493991662,0.487220148,0.969702467,0.961387841,0.983535937,0.959496356,shirt
459.8203125,694.9064514,380.4732843,706.1178008,7.984466912,10.73377932,6.912745098,10.86914264,0.670668262,0.606458814,0.690566306,0.60492674,0.483263545,0.477590614,0.485008277,0.477328803,0.966308311,0.949146542,0.972122181,0.948326092,shirt
551.5524203,658.7219839,229.4085325,653.7495886,7.372947304,8.529442522,4.719041054,8.306420607,0.66516881,0.657083117,0.696993871,0.659183282,0.618757778,0.618603344,0.630386033,0.618450442,0.951894895,0.942693852,0.979994504,0.94312643,shirt
534.8178309,703.4591311,322.8094363,745.8471972,8.610447304,10.23498654,6.084129902,10.5550173,0.653907856,0.634385309,0.694681845,0.633480251,0.590102776,0.586877583,0.592188362,0.587121838,0.956943293,0.943488619,0.974011503,0.940083434,shirt
862.8585172,1018.389035,188.4091146,955.7143099,12.70566789,14.21707036,4.126179534,13.73534794,0.682738536,0.66946937,0.7338864,0.668799956,0.59986608,0.599387349,0.60810228,0.599476576,0.928222789,0.915490004,0.98432984,0.920691003,shirt
1124.493045,1363.263883,422.2161152,1387.711711,8.232751225,9.853810073,4.023682598,10.02869666,0.825714807,0.796728727,0.872884601,0.794834195,0.655573135,0.651695278,0.663321752,0.651474399,0.910081599,0.891267549,0.966238121,0.889317616,shirt
326.0002451,457.5142791,206.4869485,476.2338793,7.796415441,9.635186467,5.516207108,9.744529027,0.55266693,0.509427692,0.611210041,0.505498825,0.407126301,0.404571437,0.412831504,0.404292513,0.974749169,0.964605904,0.984016856,0.963157723,shirt
235.0375613,421.6871819,268.4621783,456.7505575,6.921813725,9.338485198,6.591314338,9.883475586,0.508736446,0.474558864,0.531644927,0.467483003,0.374683469,0.37317231,0.381192747,0.373142565,0.983941085,0.971209563,0.981661734,0.968815633,shirt
561.9500919,883.4778624,465.2457721,901.1738255,6.269822304,8.692103037,5.007751225,8.825067282,0.775538143,0.720783795,0.80470568,0.719659937,0.588708962,0.583514041,0.590269273,0.583435801,0.957234805,0.932907127,0.96459414,0.931563264,shirt
358.9561581,553.4011842,292.5252451,570.5889735,6.055085784,8.557447136,5.177910539,8.772748943,0.715605314,0.64693226,0.745422573,0.646113962,0.477934264,0.473112636,0.480870243,0.473282835,0.971476612,0.956074127,0.976755348,0.954709857,shirt
602.2253064,867.7513572,434.1105086,813.7904498,6.426531863,8.753341023,5.31997549,8.335317186,0.693716636,0.638246548,0.7187246,0.640611862,0.509939731,0.50490989,0.511645607,0.504899143,0.955400191,0.935840956,0.967850495,0.939830671,shirt
804.6178002,1137.470204,619.6540441,1117.412134,10.8510723,13.57640907,9.218719363,13.32229143,0.566014093,0.527408534,0.575720645,0.530260077,0.446161912,0.441501752,0.447722246,0.441599877,0.944372663,0.921452484,0.957161037,0.922837585,shirt
587.3899816,655.5384391,180.6540594,663.8772318,9.50401348,10.71109573,5.038648897,10.73991542,0.526528708,0.493998904,0.628508978,0.493831625,0.357303169,0.354813975,0.364201239,0.354876387,0.96080094,0.956274827,0.987946519,0.955718619,shirt
274.9070772,383.6079047,189.3854167,381.895148,5.687745098,7.58200692,4.489889706,7.591234141,0.758762916,0.69990819,0.783518621,0.699863675,0.51326153,0.507367224,0.513924953,0.507455947,0.98108098,0.973640847,0.986966554,0.973758537,shirt
334.6255208,507.4598078,241.0538909,481.177178,7.900275735,10.14388312,5.90814951,9.806382161,0.585480272,0.550973752,0.654442607,0.555349185,0.471937799,0.467893666,0.480337624,0.467900154,0.976144973,0.963873059,0.982815576,0.965744165,shirt
397.8840686,574.2657593,314.1972273,568.5996002,7.991084559,11.12982699,8.231632966,11.15098808,0.596406596,0.507661776,0.564479073,0.505941142,0.368928418,0.36416489,0.372229744,0.364181271,0.97333117,0.961544751,0.978953393,0.961924181,shirt
1701.359926,2121.593233,1458.395466,2418.986697,22.39313725,25.12959631,19.9801777,27.08398308,0.453311661,0.444455783,0.461078839,0.442408617,0.420468698,0.416461143,0.421236531,0.416490336,0.882145918,0.853161388,0.898976191,0.832578345,shirt
260.018076,325.6925336,81.57630208,287.5056517,5.881648284,6.931841599,3.319408701,6.586435986,0.581740602,0.560506562,0.652414882,0.561276364,0.483106467,0.482931534,0.492316409,0.482888131,0.977605512,0.971961747,0.992969503,0.975249183,shirt
237.9907782,363.836832,204.3804841,342.0022453,3.078615196,4.319815456,2.634068627,4.146343714,0.840872613,0.809735944,0.866385751,0.812269336,0.72678383,0.723720336,0.727488847,0.72361704,0.974555338,0.96121164,0.978148766,0.963539408,shirt
425.6137255,567.7119108,208.7710018,492.7200154,5.131495098,6.41041138,3.537545956,5.677770088,0.822008233,0.817011078,0.836549389,0.819244402,0.804239992,0.803655647,0.811073404,0.803900463,0.938340549,0.918024285,0.969755619,0.928852866,shirt
364.4398897,473.3063899,229.5045037,470.8631142,8.301930147,9.659577086,6.278247549,9.64130719,0.506733572,0.490084454,0.537656964,0.490508975,0.409080375,0.408599114,0.420117563,0.408740474,0.971578181,0.963123679,0.982109027,0.963314039,shirt
331.2901961,535.8754479,311.7875153,522.5756401,7.937928922,10.652995,8.277895221,10.68399846,0.5400415,0.507975942,0.530092173,0.50616746,0.448484237,0.444222088,0.450009583,0.4442988,0.976801715,0.962522115,0.97816784,0.963452272,shirt
181.0896446,284.7408228,166.5453431,319.8747251,5.387898284,6.76662822,4.249724265,7.071434064,0.597694575,0.557235746,0.644754308,0.55434042,0.461078255,0.456169871,0.462359628,0.456197157,0.987036173,0.979641755,0.988077369,0.97712977,shirt
455.9188725,590.4058131,264.935815,610.3235371,9.045925245,10.5273664,6.728063725,10.79726259,0.518104517,0.505523684,0.540813622,0.504578288,0.457901264,0.453306902,0.459375913,0.452889076,0.967423705,0.957868557,0.981069873,0.956447226,shirt
156.5326287,237.1538331,78.47509191,183.3576932,4.715900735,6.053425606,3.307996324,5.5098193,0.586100168,0.561077956,0.650012271,0.564280072,0.478084542,0.477689735,0.48605864,0.477916125,0.988319972,0.982336945,0.994147275,0.986343644,shirt
165.5377145,286.7215379,159.8091605,288.5992464,5.511335784,7.2288812,4.524571078,7.255055748,0.625865977,0.601554526,0.672080163,0.599716752,0.517872873,0.516520238,0.523390981,0.516744723,0.987494803,0.978368916,0.987923605,0.978227256,shirt
93.33753064,201.7827451,128.8595435,202.9421453,3.991727941,6.021976163,4.186075368,6.098254517,0.590043436,0.527939937,0.603054403,0.528519266,0.369640921,0.367384393,0.374212899,0.367170078,0.993506188,0.985979454,0.991042701,0.985898895,shirt
628.4350797,700.0832295,288.973315,672.2658977,9.800459559,10.35361784,6.252328431,10.16230681,0.682693634,0.669622004,0.706572357,0.671448961,0.644998065,0.639914823,0.643884353,0.639763374,0.945470376,0.939403997,0.974925642,0.941811738,shirt
439.2989583,565.5605075,274.3301471,552.8784621,5.236366422,6.676047674,3.950919118,6.566243752,0.824587094,0.783467116,0.837502935,0.784047095,0.546680271,0.542454995,0.549679687,0.542327852,0.971895964,0.963886144,0.982449801,0.964695955,shirt
151.0428002,178.6965936,70.87886029,215.4081353,3.932261029,4.313694733,2.417156863,4.810457516,0.732530855,0.724177648,0.762060659,0.717143686,0.667233158,0.667128196,0.674616448,0.666726746,0.985724117,0.983156917,0.993301583,0.979696663,shirt
820.8920343,936.8577932,346.1869792,977.3544944,8.282567402,9.546728181,5.506188725,9.863252595,0.701920835,0.679913313,0.724612759,0.675447303,0.606121908,0.606133023,0.615142711,0.606069016,0.930008548,0.92017347,0.970435758,0.916722881,shirt
365.9610294,500.384729,239.633992,510.7064206,5.578125,6.836370627,3.932306985,6.897823914,0.633584593,0.601131278,0.693841197,0.598957274,0.482406546,0.480810913,0.489071786,0.480565376,0.972834306,0.962865504,0.982191493,0.962099511,shirt
603.7997855,759.4720338,327.2703891,752.9287043,7.136795343,8.829634756,5.009972426,8.967797001,0.721728137,0.685165358,0.757970357,0.678974576,0.402887229,0.39976662,0.410174114,0.399691259,0.959022183,0.948420271,0.977766456,0.948864663,shirt
698.7255515,1049.010534,555.2681373,1053.362092,5.570220588,8.084244521,4.784129902,8.094609765,0.842233433,0.776450827,0.839631813,0.776239844,0.489924896,0.483221959,0.492910997,0.483129978,0.954171548,0.931290904,0.963581064,0.931005881,shirt
162.2964154,244.0878431,133.8577819,247.821361,3.541053922,5.011764706,3.330055147,5.039046521,0.832868885,0.79253379,0.834859255,0.791891241,0.682182392,0.678305964,0.683530844,0.678316407,0.98565336,0.978481471,0.988167272,0.978152328,shirt
140.7596814,504.5265975,415.4128064,519.0539946,4.581495098,8.765059592,7.45122549,8.880522876,0.597455562,0.565794549,0.589997484,0.566443738,0.515761858,0.510389316,0.517430784,0.510313092,0.989431827,0.962185033,0.968810994,0.961096184,shirt
436.7766544,486.1437755,119.7161305,486.9899116,4.924019608,5.491472511,2.066988358,5.418885044,0.790373995,0.776919814,0.853608115,0.77762487,0.693074217,0.692794369,0.701368622,0.692436589,0.956154552,0.951216833,0.987953835,0.951131926,shirt
257.2573836,441.8928105,293.8821078,474.0526874,6.533210784,9.072110727,6.818167892,9.447566321,0.627191752,0.579902125,0.631508281,0.578805485,0.496740884,0.493231637,0.499835421,0.493125293,0.97920271,0.964324346,0.976241882,0.961727959,shirt
574.4233456,678.5635371,198.6445772,675.1995694,8.177818627,9.67526336,4.534803922,9.671203383,0.678128594,0.635977871,0.759340032,0.633666752,0.470255233,0.465406622,0.47606991,0.465295482,0.961236025,0.954269385,0.986594811,0.954496093,shirt
522.6568015,698.7480815,566.6555453,723.2318339,12.36565564,14.62705113,12.63128064,14.80978085,0.489780723,0.470193416,0.501530321,0.46987903,0.423013034,0.421061133,0.427636272,0.420816616,0.963198159,0.950845949,0.960104544,0.949123618,shirt
540.0382966,936.4724029,703.368076,1069.017701,6.88348652,10.28542868,8.586764706,11.2754479,0.734008665,0.710621837,0.729908401,0.707477389,0.682473253,0.679611249,0.683721272,0.679472852,0.948909256,0.911641397,0.933457314,0.899135404,shirt
615.4237745,808.0460746,360.8675551,781.3897424,8.265379902,10.04625913,4.928370098,9.826928105,0.708775798,0.679123027,0.795631568,0.682569994,0.567085709,0.563395921,0.570101373,0.56355728,0.95323475,0.938715668,0.972578145,0.940737354,shirt
1148.751225,1354.206367,903.3018842,1385.470711,8.323682598,9.789665513,6.562300858,9.9957401,0.839384345,0.822672067,0.876411043,0.821284104,0.553779327,0.551747279,0.559812937,0.551538124,0.94490602,0.934985338,0.956679414,0.933484355,shirt
520.6905331,623.856286,213.7904871,601.9845444,5.985539216,7.169196463,3.68828125,7.077416378,0.756429366,0.735285256,0.797877267,0.735818571,0.629917469,0.629055814,0.638715865,0.629390053,0.955067831,0.946226271,0.981528346,0.948111521,shirt
212.5348958,283.8398616,122.5203278,272.4407382,5.574509804,6.571610919,3.929120711,6.406289889,0.61412125,0.592514633,0.642102117,0.591336807,0.519290123,0.518002222,0.525957794,0.518310881,0.981757774,0.975674983,0.989484855,0.976651885,shirt
432.4837623,556.9242599,347.4903186,585.9385775,6.752849265,8.450257593,5.350704657,8.656301423,0.671143676,0.614971313,0.719650405,0.614564764,0.44580752,0.441260445,0.448180768,0.441206731,0.970001009,0.961409374,0.975896531,0.959398902,shirt
814.1719975,1004.15391,585.1676471,999.0813379,7.754289216,9.466943483,5.828921569,9.417454825,0.841925951,0.824000036,0.864030083,0.823829491,0.668008013,0.663615893,0.669976296,0.663639368,0.940132072,0.926329844,0.956970026,0.926701995,shirt
271.2432292,449.9648135,292.2904718,455.5379316,5.92432598,8.280507497,6.433057598,8.28579777,0.654331193,0.605548129,0.639809011,0.606696624,0.525260549,0.519880904,0.526764391,0.520141349,0.979972621,0.966834599,0.978418587,0.966423823,shirt
320.7908701,401.540669,114.9963848,367.6553633,7.056096814,8.185128797,4.123376225,7.809427143,0.54250283,0.522727236,0.595775979,0.527668157,0.450579339,0.450102044,0.460610151,0.45021445,0.975577501,0.969467363,0.99124664,0.972043958,shirt
208.2525735,281.2493349,143.4882659,304.927797,6.260079657,7.892656671,5.150367647,8.141607074,0.60550007,0.555044483,0.621897874,0.555484012,0.471176417,0.465533957,0.473362165,0.465534771,0.984897942,0.97963042,0.989594519,0.9779155,shirt
380.0731311,489.4124414,235.2972733,529.6975317,6.345343137,7.330134564,3.782169118,7.503144944,0.71459361,0.697739909,0.782807584,0.697952183,0.644970722,0.641918544,0.645780785,0.641815242,0.966742091,0.9572815,0.979410554,0.953765205,shirt
801.7409314,1054.176086,497.1099877,1023.257393,5.818995098,7.470480584,4.121446078,7.341607074,0.892775056,0.871993006,0.913153789,0.871472953,0.69754036,0.694106794,0.700708892,0.693994787,0.93799694,0.918690688,0.961555736,0.921075468,shirt
789.6775735,1170.441338,598.9728248,1182.232464,8.061243873,11.14149942,7.102818627,11.273787,0.745926783,0.671727912,0.744084264,0.670663434,0.48093386,0.474969284,0.484040767,0.475008258,0.945105293,0.918742683,0.958362796,0.91792409,shirt
540.9659314,856.9520953,408.5785539,751.1744406,9.043811275,11.68433679,6.074234069,10.53379469,0.573112817,0.542752453,0.658482717,0.549550961,0.453501181,0.448110371,0.453822578,0.448262334,0.958718397,0.934656629,0.968820998,0.94272227,shirt
176.773652,260.5560169,132.7192862,258.7548328,5.245098039,6.929257978,4.733471201,6.925874664,0.619461947,0.561195205,0.627187283,0.563842751,0.44155256,0.439002963,0.444107823,0.438983277,0.987682719,0.981868519,0.990754674,0.981993859,shirt
637.6552083,922.4117493,501.1523591,935.8157324,5.308915441,7.231495579,4.352542892,7.402352941,0.772448288,0.709475982,0.783566264,0.706717876,0.482109799,0.475984275,0.483281461,0.475718905,0.955427713,0.93561348,0.964969302,0.93467785,shirt
337.763511,416.2296809,238.1565104,468.5261207,9.141544118,10.34520569,7.294408701,10.79872357,0.474864549,0.456225625,0.51533957,0.454345351,0.404358676,0.399369402,0.408233757,0.399322206,0.974320537,0.968379457,0.981898973,0.96440655,shirt
679.7886642,840.9436832,306.7098499,833.578639,11.47757353,12.95693964,6.852068015,13.26134564,0.413322048,0.398193989,0.473974496,0.398368906,0.33767932,0.334426493,0.342534579,0.334598935,0.95048929,0.938746222,0.977662324,0.939282687,shirt
503.0467678,654.2400308,336.9231464,655.5982314,8.269745711,10.52512111,6.398299632,10.55930796,0.739633075,0.686643506,0.761848733,0.686264976,0.524828479,0.519682053,0.527830291,0.519706995,0.96634571,0.956304005,0.977459533,0.956213263,shirt
326.3921262,489.777501,265.5009804,503.3448674,4.61216299,6.404521338,3.928155637,6.490549789,0.743909155,0.674405005,0.760416031,0.673540204,0.481828998,0.475761083,0.483114052,0.475649155,0.976411764,0.964650191,0.980812344,0.963670963,shirt
240.7855392,357.4402153,235.9403799,374.2549481,7.723284314,9.921261053,7.96004902,10.20795079,0.526767069,0.488467066,0.52898918,0.485865101,0.416093796,0.414004572,0.422400459,0.41394046,0.983310968,0.975262361,0.983657176,0.974098651,shirt
568.9988664,792.6370165,367.0723346,786.1711034,10.64448529,12.96716647,8.090870098,12.9197078,0.482594163,0.467653541,0.518311795,0.46765966,0.425898568,0.422392115,0.434878826,0.422361438,0.960037915,0.944389767,0.974219675,0.944843406,shirt
568.565625,802.6874279,419.791973,758.354233,8.278125,10.28336794,5.261519608,9.937008843,0.609254373,0.570078155,0.749423251,0.57317732,0.385976237,0.38101683,0.388690023,0.381067066,0.960784474,0.944660371,0.971045799,0.947716831,shirt
1249.049571,2406.105559,1653.656464,2388.552095,13.75560662,21.391188,14.48829657,21.08573626,0.597095515,0.537239818,0.658377811,0.542131977,0.400087701,0.3942179,0.401839138,0.394395464,0.907856566,0.822563399,0.878005774,0.823858268,shirt
334.9301471,416.1621223,135.0308824,366.0373395,6.291697304,6.975009612,3.582935049,6.726889658,0.705454884,0.693123494,0.731440037,0.691469586,0.660180293,0.655322336,0.659414137,0.655581676,0.969787765,0.962557336,0.987819595,0.96706713,shirt
192.9339767,246.4733256,81.19715074,245.7160477,5.006678922,6.164644368,2.887530637,6.165936178,0.728073976,0.688925821,0.790775187,0.688996586,0.49873563,0.494348748,0.503021152,0.49429936,0.986725969,0.983068323,0.994413563,0.983120345,shirt
313.4379902,381.2057516,117.6740502,380.2098577,4.95658701,5.767627835,2.928829657,5.859653979,0.724623945,0.709012608,0.751083221,0.708221187,0.676294881,0.672107151,0.682163941,0.672459084,0.967216225,0.96023141,0.987691985,0.960335305,shirt
276.5400429,508.3236909,274.0547488,368.0106728,5.63247549,8.151203383,5.476133578,7.321584006,0.706413029,0.639003271,0.696817614,0.64060475,0.553402279,0.544249323,0.549748557,0.544144949,0.978471554,0.960501802,0.978665033,0.971404523,shirt
388.6074449,607.7410842,346.861152,608.5452057,8.187346814,11.25293349,7.491727941,11.23589389,0.643321004,0.580515825,0.649927356,0.581429423,0.47571547,0.47039504,0.478252481,0.470460235,0.97105908,0.954794851,0.974169492,0.954735039,shirt
635.8568321,883.6157939,547.9673254,930.2710496,8.218596814,10.79632449,6.999708946,10.94654364,0.661900994,0.60524905,0.706564964,0.604064627,0.438162373,0.433552245,0.441191908,0.433485141,0.957035434,0.940355408,0.962974736,0.93720615,shirt
235.5806373,276.5750711,94.49295343,293.402599,5.480943627,6.104882737,3.55625,6.282599,0.665479145,0.653311587,0.693889888,0.651741663,0.610361073,0.607360332,0.613041848,0.607282401,0.979726222,0.976252404,0.991868067,0.97480754,shirt
289.0125919,399.2772165,187.6985141,410.0321569,6.306525735,8.359015763,5.060523897,8.28556709,0.659805246,0.590454553,0.684949893,0.593385597,0.430679649,0.428540256,0.43652313,0.428544633,0.97747056,0.968901035,0.985369764,0.968063352,shirt
254.5771752,432.9369319,226.6396752,427.3614148,5.032230392,7.32509035,4.281464461,7.329919262,0.774670401,0.709236489,0.785014456,0.707654115,0.533213583,0.528421565,0.53501459,0.528363389,0.978956627,0.964270287,0.981265944,0.964730427,shirt
466.8789216,646.6480277,243.8211397,607.550296,8.996599265,11.56493656,6.824785539,10.98894271,0.527209547,0.478535213,0.554750704,0.481337595,0.384369075,0.378943118,0.387272536,0.37895309,0.968280672,0.956092585,0.983435014,0.958747322,shirt
188.4704963,392.00203,319.0861826,462.6672203,5.058578431,7.289011918,6.269025735,7.837908497,0.673252483,0.634729674,0.655746712,0.633291254,0.578549425,0.573075427,0.578639188,0.57304274,0.984898715,0.968656134,0.974433074,0.963005857,shirt
582.2915135,714.9391926,330.9580423,735.3951711,7.520159314,9.013440984,5.759972426,9.243014225,0.665887788,0.648231248,0.691524064,0.648528429,0.594418394,0.594328677,0.600971499,0.594531214,0.948916199,0.937396668,0.970958472,0.935605449,shirt
377.7186275,578.9976163,382.0092831,591.4100423,6.054564951,8.083537101,5.883394608,8.223514033,0.811491012,0.791575136,0.825801295,0.791696598,0.495000646,0.489228315,0.495235513,0.489483706,0.890421734,0.831959446,0.889246404,0.828358181,shirt
1268.367494,1826.340085,834.4449755,1621.600369,17.94028799,22.68207612,12.79041054,21.08087659,0.500885256,0.457056398,0.553799062,0.459384336,0.383293903,0.374853114,0.383218648,0.374845225,0.912791232,0.874451048,0.942626314,0.888525566,shirt
614.5078125,851.3426528,476.2883272,877.202153,9.423529412,12.11300269,7.722028186,12.25950019,0.618445819,0.560302031,0.64670771,0.557055305,0.428455378,0.425909045,0.433811547,0.425622471,0.953580665,0.93573873,0.964026372,0.933786797,shirt
321.9715686,458.8059977,231.4779718,464.134133,6.970220588,9.075555556,5.736979167,9.177085736,0.650204924,0.590023691,0.677449256,0.590867414,0.437938972,0.43233462,0.438999507,0.432222558,0.975815471,0.965561808,0.982612795,0.965161876,shirt
148.4040748,254.9949404,174.232598,279.3173087,3.306280637,4.824667436,3.735416667,5.053994617,0.775334336,0.734442802,0.760297784,0.733854005,0.688743971,0.683283712,0.69027058,0.683238185,0.985393683,0.974971509,0.982851572,0.972584198,shirt
324.7845588,383.560323,126.0465074,445.2011073,7.75747549,8.618131488,3.939552696,9.22638985,0.564969801,0.53109445,0.646021345,0.52569375,0.423516872,0.418375294,0.43300472,0.418421892,0.977723618,0.97371969,0.9913547,0.969496263,shirt
312.1505821,439.2564091,215.2630515,469.4139177,5.658363971,7.007089581,4.290992647,7.309803922,0.742898587,0.718042017,0.767258683,0.716742823,0.676266492,0.672642718,0.677542526,0.672671936,0.968419492,0.955674234,0.978221676,0.952631013,shirt
816.59519,913.7651672,443.9258272,1013.404321,11.75637255,12.59844675,8.45346201,13.31494041,0.603948139,0.601422734,0.621249997,0.601109219,0.572669349,0.572414097,0.578540637,0.572536372,0.93392765,0.926175957,0.964060032,0.918126005,shirt
280.900337,343.3923568,155.5136949,392.1836217,4.6109375,5.49680892,3.321139706,5.842552864,0.772284101,0.76242623,0.787085515,0.760762043,0.739077371,0.737756936,0.746077302,0.737771905,0.967588206,0.960495862,0.982055992,0.954882875,shirt
214.1522059,286.0045982,124.5176011,275.2435679,5.631495098,6.629404075,3.975168505,6.472910419,0.613681599,0.589687581,0.642047306,0.590064219,0.519457815,0.518139199,0.526020885,0.518570049,0.981638473,0.975515435,0.989324768,0.976436676,shirt
352.6374234,481.2724952,253.4419577,506.0860131,7.630989583,9.895547866,6.782460172,9.991403306,0.630860733,0.561839213,0.630541176,0.562775688,0.430456427,0.427950008,0.437181807,0.428078604,0.975560218,0.966675008,0.982434853,0.964956816,shirt
1199.62932,1617.288735,1138.599357,1739.365659,17.91446078,21.43892349,17.79160539,22.49048827,0.481130917,0.461950399,0.482441642,0.458261005,0.418040125,0.411809399,0.418023703,0.411591733,0.916381058,0.887360604,0.92063509,0.878858306,shirt
341.9643689,482.8798001,181.4401501,431.6816763,6.522916667,8.658715879,5.171737132,8.082568243,0.572589712,0.541114239,0.58587832,0.544483309,0.480551477,0.479480598,0.487570296,0.479529067,0.973904791,0.963217854,0.98616076,0.967117741,shirt
520.8714154,670.42802,437.085049,747.0458131,9.740104167,11.17988466,8.352083333,11.76110727,0.647052581,0.643524442,0.666646488,0.643955759,0.620998455,0.620278141,0.626576328,0.620110791,0.954831702,0.942013124,0.962105274,0.935386273,shirt
2241.556464,2688.137855,801.7585172,2675.703037,22.59862132,24.14231449,12.88155637,24.16839677,0.667147065,0.663208721,0.674711021,0.663417429,0.656068977,0.65390474,0.658603645,0.653844654,0.794945614,0.754733657,0.92665796,0.755868213,shirt
731.095435,984.9206305,540.4917586,1051.079646,11.95416667,14.26137639,10.11161152,14.81694733,0.503908282,0.492409175,0.526839198,0.492489414,0.454961654,0.451674541,0.461978226,0.451673784,0.947168412,0.928915596,0.96094212,0.92414072,shirt
865.4404105,1050.792834,419.7300245,1117.367597,11.67791054,13.83495579,7.616574755,14.25178008,0.537623709,0.497485261,0.58876179,0.497969154,0.407647366,0.402497855,0.410270785,0.402528813,0.940811599,0.928191284,0.971294212,0.923641721,shirt
202.0293199,284.5704421,135.1697763,270.5518954,3.969669118,4.945528643,3.215670956,4.951803153,0.768378492,0.75680932,0.788671117,0.755798933,0.7176413,0.718056843,0.724506451,0.718225519,0.976678895,0.9671375,0.984346502,0.968756377,shirt
447.6348958,691.2874125,328.3584252,629.1006536,5.718688725,7.700884275,4.389613971,7.432987313,0.705553895,0.677842603,0.777200636,0.670345589,0.539929946,0.534298495,0.541091956,0.534329231,0.96525138,0.946433778,0.974510472,0.951252483,shirt
843.0853248,1003.883276,298.0806373,900.5709496,13.1864277,14.74340638,6.968382353,13.93048827,0.619758483,0.602046123,0.670547443,0.604006947,0.569047986,0.565095224,0.570180714,0.565051052,0.929773079,0.916537073,0.975170621,0.925126468,shirt
785.396538,932.0303576,341.3252451,953.5617993,11.12481618,12.41796232,6.587071078,12.62096117,0.553966274,0.536400409,0.601814699,0.536725673,0.477377786,0.475809416,0.481548725,0.474439308,0.943329628,0.932846149,0.97537164,0.931294784,shirt
668.0297488,835.1793772,399.5412224,832.9921876,10.60560662,12.2066436,8.036780025,12.11360246,0.586597108,0.583325094,0.618526708,0.581734736,0.546234526,0.547230784,0.559423341,0.547035683,0.946372022,0.933006978,0.967888814,0.933182421,shirt
3655.904075,3772.343099,2663.53364,4008.829835,35.25726103,35.89274894,29.01375613,37.46875817,0.425566946,0.418036812,0.446072836,0.41725892,0.404859385,0.399913195,0.410843014,0.399942914,0.74300692,0.735032553,0.812765954,0.718422024,shirt
472.7057904,695.1425606,367.6317249,698.4197616,6.380392157,9.008735102,5.643275123,8.998216071,0.718686198,0.634360847,0.721912025,0.635219571,0.483720754,0.478704449,0.487223124,0.478547116,0.966703071,0.951101181,0.974104735,0.950870651,shirt
604.7770527,763.9657209,407.1645374,844.5966167,7.945863971,9.376347559,6.463679534,10.23681661,0.621579613,0.602782854,0.646519247,0.597901777,0.531918363,0.53290912,0.541008873,0.532568794,0.95315339,0.940657457,0.968315019,0.934394293,shirt
393.0889706,491.6193156,266.426685,497.1749327,8.140073529,9.663329489,6.82879902,9.643029604,0.616261221,0.590950353,0.629770531,0.591643127,0.544118638,0.539599376,0.546539289,0.539645561,0.970221983,0.962828123,0.979817144,0.962408056,shirt
244.8072917,336.143714,136.8480852,330.6387851,5.036519608,6.356862745,3.970940564,6.282983468,0.683037646,0.663609861,0.691606713,0.662798663,0.618219239,0.61804679,0.6254674,0.618416942,0.978068667,0.969959292,0.987741811,0.97045126,shirt
196.9334865,744.6515955,600.1195159,732.2478431,5.609344363,14.0020915,12.0551777,13.87712418,0.519994196,0.434927393,0.473466746,0.434224234,0.263262097,0.258878802,0.270388889,0.259214729,0.986001418,0.947077007,0.957363036,0.947958514,shirt
364.9795343,436.4828297,155.9870711,444.6830604,7.112745098,8.158185313,4.936550245,8.340392157,0.601470603,0.593580515,0.633371706,0.593235193,0.555305165,0.554870491,0.567915969,0.555178361,0.967516595,0.961179068,0.98610147,0.960449736,shirt
439.5967218,702.4648674,409.0409314,714.8,6.274509804,8.923921569,6.145526961,8.990665129,0.789084001,0.740631702,0.785944116,0.739940399,0.670417731,0.665341033,0.671656281,0.665284439,0.960348318,0.936798876,0.963104454,0.935689078,shirt
395.0336703,482.5154018,135.8609375,412.7201845,8.173897059,9.087950788,4.296905637,8.439738562,0.577387129,0.56952835,0.628991933,0.570339476,0.523105517,0.520463622,0.526690096,0.520620243,0.968792661,0.961945255,0.989267096,0.967449824,shirt
697.6844975,1019.893749,411.4397212,915.9123875,11.05554534,14.55989235,9.036780025,13.64218378,0.469200444,0.434052111,0.485974086,0.436477429,0.35617455,0.355660478,0.367010565,0.35623394,0.950129304,0.927059037,0.970567199,0.934495597,shirt
461.5783088,530.4511957,205.4603401,584.470173,5.829595588,6.691564783,3.78950674,7.181806997,0.748610536,0.732017688,0.776105809,0.729348738,0.690035836,0.69020136,0.695509754,0.690140143,0.954055621,0.947239918,0.979508643,0.941867047,shirt
595.623989,784.8293426,323.1439951,763.9040369,9.419546569,11.81914648,6.558210784,11.22435986,0.541458445,0.481131568,0.579404853,0.488875348,0.311999237,0.310338069,0.319471639,0.31045795,0.957733915,0.944289394,0.977072695,0.945774763,shirt
316.2152267,476.8984852,221.0584559,453.8274202,7.706954657,9.896716647,5.740686275,9.577946943,0.588608118,0.552188455,0.65361836,0.556229665,0.472462593,0.468129008,0.479624512,0.468254692,0.977423089,0.965996457,0.984217025,0.967641457,shirt
563.0612439,692.217501,344.0056219,665.0337409,8.374938725,9.574609765,6.320787377,9.43349481,0.685376603,0.678673612,0.70035164,0.679758123,0.655066873,0.654523147,0.660047602,0.654723419,0.942165941,0.928967749,0.964614106,0.931757225,shirt
218.7590993,303.3994771,126.6732384,271.4989466,7.64375,8.905236448,5.326608456,8.651764706,0.494675218,0.477703133,0.55414444,0.477443364,0.419595327,0.417197095,0.424801102,0.416798522,0.983150112,0.976649171,0.99024323,0.979104362,shirt
295.3046569,454.3850827,230.9373775,450.7145867,5.405208333,6.898116109,4.446629902,7.056855056,0.654988207,0.610899529,0.665319912,0.608498714,0.522183212,0.517399513,0.524644016,0.51739855,0.977537757,0.965496276,0.982433831,0.965774995,shirt
456.9461703,513.415717,170.7656097,545.4000308,8.685968137,9.648458285,5.407643995,9.900853518,0.494029669,0.467590605,0.544229876,0.468394981,0.3776955,0.377174264,0.390211222,0.377095575,0.965188691,0.960906389,0.986994467,0.95847097,shirt
236.01394,346.6981007,167.4719363,339.7737793,6.428553922,7.934302191,4.821323529,7.768858131,0.595892624,0.563565558,0.626488711,0.564398178,0.499242483,0.495500181,0.502944674,0.495454916,0.982843875,0.974838659,0.987826433,0.975341187,shirt
246.0946998,548.059208,322.1947304,454.0624683,5.556985294,9.439907728,7.018137255,8.461883891,0.649767566,0.622980332,0.649191836,0.625337268,0.592339882,0.588551558,0.596204725,0.588462579,0.979973262,0.955499988,0.973780381,0.963132113,shirt
497.6296875,673.0435063,308.1664216,762.5238293,8.243627451,9.888719723,5.543382353,10.73783929,0.592453496,0.552042502,0.635576216,0.548176237,0.486245102,0.482427374,0.490882224,0.482394606,0.960635093,0.946828206,0.975622551,0.93975908,shirt
323.7147978,452.9977086,201.0688113,430.4326336,6.595955882,7.891672434,4.557261029,7.600307574,0.650135008,0.642998539,0.678492971,0.645782252,0.613695432,0.611149368,0.614621685,0.611257007,0.971817345,0.960651315,0.982494922,0.962611382,shirt
421.3564032,722.7833602,487.9989277,743.9574318,6.769270833,10.29041138,7.479381127,10.43287966,0.784851027,0.717328168,0.780851451,0.715977193,0.405660542,0.399797518,0.40703923,0.399684739,0.973553753,0.954648388,0.969371085,0.953319804,shirt
1515.315931,1617.597416,229.0625919,1664.868897,20.09558824,21.18391388,6.802879902,21.40118416,0.47706107,0.467234448,0.525651047,0.466647631,0.438029587,0.432925741,0.441968443,0.432787132,0.892888414,0.885786656,0.983808487,0.882448969,shirt
498.174326,634.7713956,284.3701287,622.1748558,9.860661765,11.61774702,7.629197304,11.50237601,0.584403907,0.571242198,0.616166546,0.570926787,0.544011865,0.54018094,0.553739511,0.540029983,0.961794875,0.951414323,0.978191578,0.952378468,shirt
106.2014093,174.6652211,89.10441176,167.1374702,3.462438725,4.367950788,2.569301471,4.27254133,0.732110784,0.705213936,0.763798026,0.707166764,0.626000025,0.625899713,0.635104681,0.625979256,0.990694373,0.984735692,0.99219419,0.985393555,shirt
568.8791973,744.4168243,413.8051164,816.5719339,8.799080882,10.8083045,6.827144608,11.6147328,0.680526972,0.634980553,0.721304897,0.629097437,0.470981177,0.465815388,0.473692204,0.465801979,0.960119302,0.947872233,0.970990613,0.942819574,shirt
957.1804688,1415.935517,798.8378064,1299.970857,12.72991728,16.97948481,11.56124387,15.9685198,0.508659315,0.449456001,0.509099905,0.456138459,0.357934272,0.350694387,0.357691325,0.350921594,0.935568264,0.904712991,0.94622643,0.912516966,shirt
84.48157169,154.1105882,88.94889706,142.6160861,3.057276348,4.49822376,2.678615196,4.286643599,0.774971252,0.736618563,0.815256168,0.737159182,0.629977792,0.622800928,0.627321313,0.622473264,0.992729275,0.986770417,0.992346534,0.987757123,shirt
292.596538,440.022822,214.1750613,374.2519954,7.012591912,8.673464052,5.422855392,8.117770088,0.610646534,0.592915448,0.646357998,0.592551198,0.551809626,0.548120882,0.553875678,0.548092636,0.975425595,0.963111397,0.982012006,0.968625188,shirt
480.3102328,717.7512341,392.6771752,728.6047213,6.966636029,9.114309881,5.345067402,9.237647059,0.716095771,0.662433051,0.760627185,0.661913701,0.523881593,0.519170604,0.526080134,0.519292659,0.964366386,0.946837481,0.970867773,0.946033583,shirt
505.6477022,633.6193156,458.3386949,665.0502422,8.892493873,9.573794694,7.921170343,9.802906574,0.657678218,0.644323009,0.683298262,0.644699558,0.575401495,0.571335462,0.577964556,0.571198294,0.960284582,0.950334955,0.964000404,0.947871302,shirt
587.0890625,717.2929027,459.690242,671.3195079,11.67089461,12.88053825,9.828201593,12.4354479,0.550033579,0.529129482,0.57808184,0.532908943,0.462036024,0.458134361,0.466046802,0.458086675,0.95911588,0.950115002,0.967990672,0.953312277,shirt
202.0420956,234.7987082,60.29617034,244.1357939,5.522058824,6.080615148,2.695741422,6.243137255,0.623393617,0.603310621,0.678813597,0.603040371,0.528722227,0.527750136,0.535107294,0.527523355,0.984422912,0.981935446,0.995352791,0.981217085,shirt
544.7886642,709.7194925,233.0523284,659.4715879,7.050857843,8.552525952,3.802267157,8.089688581,0.723002216,0.688488303,0.775786718,0.694836355,0.604250909,0.600687604,0.605884262,0.60106202,0.954947068,0.941438363,0.980727039,0.945584508,shirt
197.7749694,509.7864821,355.1960172,479.3389927,6.117892157,10.09193387,8.0921875,9.830557478,0.521194845,0.487948956,0.512972214,0.488727461,0.438114638,0.432196126,0.437949961,0.43207386,0.98551422,0.962698701,0.973983993,0.964926557,shirt
528.0589767,772.6521953,529.0331189,778.6490888,6.085968137,8.291657055,5.886856618,8.330903499,0.829665389,0.80309291,0.830429654,0.803069356,0.541850079,0.536893376,0.541561878,0.537044155,0.975858745,0.964600305,0.975810531,0.964325553,shirt
837.5655025,1013.032926,294.8715686,900.0642522,11.29264706,13.27950788,6.790012255,11.96269127,0.533988376,0.522468824,0.575221982,0.524743772,0.474367552,0.474398824,0.488421302,0.47443368,0.932266421,0.918040183,0.976114588,0.927179957,shirt
697.9746017,971.5678585,492.551777,945.9590927,11.99571078,14.7202153,8.099816176,14.5389927,0.563298003,0.521321503,0.664101095,0.521760666,0.407219901,0.403027325,0.410131413,0.40298008,0.946690876,0.925825471,0.962380431,0.927780577,shirt
6557.524663,8129.659731,2134.159069,8100.166275,54.35848652,60.16636678,29.10566789,60.09673203,0.374670318,0.36791177,0.389411799,0.367919345,0.362925001,0.358767203,0.368111656,0.358797159,0.545497943,0.436765095,0.852081428,0.438808821,shirt
6296.107629,6532.770473,491.897212,6503.477032,50.12803309,51.73262591,8.099448529,51.63850827,0.414820484,0.410335093,0.520321603,0.409839023,0.401913156,0.399293817,0.409149247,0.399280293,0.554313668,0.537977526,0.965184383,0.54004927,shirt
317.1410539,410.8948251,224.4855392,444.6573472,7.577205882,9.311649366,6.591421569,9.555678585,0.577910687,0.534922469,0.586803851,0.535967974,0.466905682,0.460485953,0.468388856,0.461064302,0.977286774,0.97061028,0.983922617,0.968195378,shirt
390.3085938,497.8893349,241.1892463,553.9261053,6.095052083,8.074248366,5.364981618,8.751572472,0.665652564,0.60844246,0.673533331,0.601983514,0.385289604,0.383239954,0.392802077,0.383257934,0.973361227,0.966015743,0.98353147,0.96219088,shirt
477.1067402,819.460792,555.6183211,840.4619454,7.80848652,11.29387159,8.746170343,11.42702038,0.664311279,0.626201395,0.645983364,0.624678379,0.588489736,0.58487904,0.589150686,0.584893405,0.958026607,0.928055953,0.951119563,0.92621217,shirt
252.9137868,316.8665129,104.438557,315.067574,4.484620098,5.276601307,2.781571691,5.273217993,0.73177601,0.715831531,0.756816529,0.717311345,0.668981475,0.668502317,0.674706412,0.668685668,0.974278648,0.967860863,0.989380012,0.968043326,shirt
700.3458027,869.4448597,513.9018689,862.4159938,12.09656863,13.49576317,10.234375,13.55577086,0.554620532,0.547758187,0.572223018,0.547132445,0.518139679,0.515862474,0.52601679,0.516227378,0.946939663,0.934246185,0.961066158,0.93477776,shirt
190.719424,316.8586082,163.4581342,273.761584,5.054381127,7.03810842,4.620603554,6.377131872,0.640715666,0.604102976,0.650498181,0.614710955,0.536741473,0.53656741,0.544084086,0.53748889,0.985137884,0.975346813,0.987258788,0.978699977,shirt
534.7018076,832.6106882,514.4498468,823.0333564,5.706372549,7.883921569,4.997977941,7.846397539,0.831762303,0.786061293,0.842595898,0.786529737,0.625702754,0.621200344,0.626270044,0.621176575,0.957340325,0.933726519,0.958956071,0.934488848,shirt
319.9523284,1353.538885,1259.40383,1309.833264,5.986917892,15.71235679,14.84957108,15.39860054,0.702466737,0.668013517,0.683676569,0.668944487,0.651588105,0.648636372,0.652226575,0.648468541,0.970084918,0.873761116,0.882247555,0.877837355,shirt
652.9365196,994.5259823,465.485386,990.1408997,6.009987745,8.444352172,4.474816176,8.459607843,0.809744723,0.76376782,0.849256714,0.760473401,0.547873111,0.54294142,0.552645145,0.542896169,0.953095777,0.928688254,0.966561481,0.929002683,shirt
461.1604779,804.0029527,469.3584559,815.0192388,4.758425245,7.142760477,4.469332108,7.250872741,0.8045554,0.748607321,0.816698679,0.751448703,0.572848522,0.567028604,0.573309746,0.56711868,0.964498137,0.938228816,0.963867026,0.93738244,shirt
431.0068474,706.4438754,425.9241422,680.9977086,8.782184436,12.65785467,8.8078125,12.37671665,0.528915234,0.408101273,0.509611524,0.414460038,0.160678032,0.154431975,0.159665174,0.15472279,0.965648173,0.943605179,0.966053235,0.945636537,shirt
199.2119792,262.7974471,128.5636336,307.5686275,6.018290441,7.301530181,4.844393382,7.829450211,0.507592232,0.47652861,0.53622299,0.472008383,0.37600598,0.375114889,0.383444232,0.375075526,0.985469525,0.980849288,0.990628037,0.9775867,shirt
538.6638174,873.2413995,436.3177696,890.0919339,6.814797794,9.400845829,5.230637255,9.612026144,0.715677578,0.65539427,0.752426144,0.651581723,0.491423774,0.485056978,0.493752658,0.485109501,0.961412941,0.937535125,0.968744662,0.936329769,shirt
850.3807904,1433.56183,998.6311887,1477.819177,9.928737745,15.24309112,11.44252451,15.65988466,0.740626925,0.664493318,0.715955423,0.664838536,0.466096732,0.458900706,0.466638045,0.459239681,0.945543029,0.908262095,0.93604932,0.905429994,shirt
637.3972733,834.0242676,488.6910233,876.6089965,10.17941176,12.5772549,8.556004902,13.00364475,0.628598691,0.602958974,0.650950834,0.600745025,0.365044256,0.360378359,0.367142063,0.360127788,0.968100403,0.958247875,0.975546415,0.956116039,shirt
288.5201593,395.60203,156.8331801,379.4603614,5.282322304,6.639077278,3.828676471,6.434878893,0.731511186,0.716518216,0.750451664,0.715462759,0.69220912,0.688244096,0.695116259,0.688245147,0.968659469,0.957140814,0.98296398,0.958889588,shirt
306.0145221,404.2540561,188.3696385,427.3773472,6.477083333,8.235570934,5.076960784,8.311695502,0.633620095,0.581754908,0.653822359,0.584284406,0.510022274,0.504892609,0.512874421,0.504985643,0.976864013,0.969483974,0.985758462,0.967738461,shirt
866.6597886,1073.592634,362.3984528,942.0218685,12.17241115,14.66203768,7.728293505,13.41850058,0.432192991,0.377276717,0.498653816,0.39014383,0.187814247,0.186588654,0.193614076,0.186852729,0.936878017,0.921746755,0.973625736,0.931337324,shirt
455.9448223,632.5355479,245.4502451,527.3110035,9.572702206,11.41151865,6.692800245,10.53324106,0.533406453,0.519293697,0.566392084,0.523606719,0.45428604,0.451909681,0.460124561,0.451939312,0.966318454,0.953316132,0.981868202,0.961082074,shirt
641.6778799,791.2410304,327.1038603,759.0768166,10.20223652,11.73622453,6.669669118,11.50120723,0.613127807,0.592536998,0.648571018,0.592911771,0.555176258,0.550799172,0.555883323,0.550816636,0.951131307,0.939856628,0.975088532,0.942301477,shirt
586.3352328,727.8938101,349.3038756,740.2001845,10.35079657,12.0838293,7.899800858,12.11818531,0.521615899,0.499484447,0.548786107,0.499862418,0.415890137,0.4149039,0.424061324,0.415098546,0.956771877,0.946384477,0.974253056,0.945478008,shirt
396.6202819,535.795371,210.8800551,490.5285967,8.147028186,9.85101115,5.581035539,9.548481353,0.587208118,0.558075525,0.653106811,0.558871829,0.492020063,0.489023364,0.501746233,0.489361878,0.9714018,0.961426004,0.984794646,0.964684936,shirt
518.048315,726.8847982,531.3984681,778.6152403,9.030238971,11.78552864,9.155882353,12.04893502,0.618597255,0.551028392,0.605040933,0.550859093,0.460476367,0.453702977,0.460135574,0.453874899,0.959626068,0.943401272,0.958585628,0.939373292,shirt
267.2363971,425.2015686,236.6580576,410.7077278,5.780974265,8.10331411,4.94564951,7.967151096,0.738236055,0.68425841,0.780881694,0.685334169,0.459851782,0.454902922,0.462570002,0.454899959,0.983014215,0.973005074,0.984957802,0.97392525,shirt
612.5901654,769.0759246,478.0965074,985.4857363,10.4520527,12.19423299,9.282659314,13.89351788,0.529204634,0.518298113,0.535520114,0.513404193,0.473272893,0.470845024,0.476927521,0.470887952,0.954923787,0.943489604,0.964821638,0.927588178,shirt
161.4039216,263.755817,174.5203125,267.6894733,5.177481618,7.258377547,5.242555147,7.432833526,0.622877413,0.552424602,0.634074098,0.548138759,0.28558029,0.276303584,0.28750216,0.276448281,0.987253162,0.979182001,0.98624654,0.978871521,shirt
349.708364,436.0787543,241.8762102,443.6634371,6.328707108,7.879507882,4.806418505,8.061314879,0.7680768,0.719281904,0.799419753,0.715437379,0.410036632,0.405893335,0.414214355,0.405588783,0.976086276,0.970186421,0.98346639,0.96966776,shirt
132.6178615,229.9621684,137.0637561,224.6885044,3.720955882,5.294579008,3.581127451,5.262529796,0.778740997,0.728343744,0.78494526,0.725941082,0.566474969,0.561050343,0.566994458,0.561033218,0.990095066,0.98285947,0.989763012,0.98325255,shirt
1056.001961,1587.482784,1190.876225,1542.742607,17.61136642,22.47000384,19.0598652,22.04699731,0.464003366,0.431427925,0.459480259,0.43460281,0.396960495,0.389150065,0.39660878,0.389200305,0.924684513,0.886828397,0.915065098,0.890017923,shirt
234.1655637,354.0354479,200.1577359,362.3661515,6.297579657,7.936532103,5.534359681,8.175363322,0.626827518,0.606269923,0.640855197,0.606047092,0.5441755,0.543615985,0.550613373,0.543957043,0.981336048,0.971814415,0.984035424,0.971151188,shirt
369.9487439,546.6151788,169.4677696,407.1750865,8.667647059,10.68444444,5.220281863,9.072725875,0.494982372,0.477796684,0.54044439,0.484954588,0.425191712,0.422209832,0.428883927,0.421956117,0.974095576,0.961764854,0.988133765,0.971518539,shirt
1000.709452,1262.82133,951.540671,1285.457624,11.0022212,13.36589004,10.62507659,13.55733948,0.815051764,0.788539046,0.820485057,0.787715998,0.439938793,0.43633748,0.440572563,0.43607774,0.941841983,0.926443467,0.944737389,0.92512536,shirt
358.9561581,553.4011842,292.5252451,570.5889735,6.055085784,8.557447136,5.177910539,8.772748943,0.715605314,0.64693226,0.745422573,0.646113962,0.477934264,0.473112636,0.480870243,0.473282835,0.971476612,0.956074127,0.976755348,0.954709857,shirt
