contrast_0,contrast_45,contrast_90,contrast_135,dissimilarity_0,dissimilarity_45,dissimilarity_90,dissimilarity_135,homogeneity_0,homogeneity_45,homogeneity_90,homogeneity_135,energy_0,energy_45,energy_90,energy_135,correlation_0,correlation_45,correlation_90,correlation_135,red,green,blue,hue,saturation,value,label
824.8320236,978.863186,853.7249801,1016.250742,8.71574578,10.3033383,9.058402642,10.66428974,0.835604829,0.817102501,0.830014313,0.81355453,0.611939096,0.60268524,0.608251097,0.601077451,0.439308317,0.335791613,0.421651782,0.310422257,56.93762589,57.00439072,56.98440933,29.21417999,16.84834671,60.19573975,jahe
853.9300009,1007.165295,821.4384823,999.2940016,9.052210739,10.55946094,8.680922058,10.48187239,0.829387951,0.814007275,0.83455625,0.814756079,0.608287267,0.601469259,0.611700989,0.6017133,0.421609092,0.316912196,0.441880962,0.322250729,56.92222214,57.02448654,56.99101257,29.04068375,15.87213135,60.08610153,jahe
861.1577254,1011.915013,826.0079195,1022.90617,9.431644447,10.94913086,9.022887109,11.080411,0.815029434,0.798209714,0.819688774,0.797015343,0.599823874,0.592540049,0.602601717,0.592213664,0.453888535,0.357832111,0.474888094,0.350857051,57.48629379,57.51274109,57.48522568,29.0696907,16.00447464,60.93790817,jahe
627.3986668,738.7640251,616.846888,749.6825954,6.743991561,7.879201596,6.630813509,7.993286637,0.871819537,0.858913474,0.872912903,0.858137609,0.695986454,0.690221079,0.696372134,0.689939,0.438184657,0.338925563,0.447012379,0.329155206,41.75483704,41.76709366,41.74724579,19.75068283,12.92774582,44.65446091,jahe
614.194227,737.4599056,621.923358,748.6011083,6.756581764,8.017287005,6.811789078,8.134711494,0.865893788,0.851945238,0.866278118,0.850730103,0.692529645,0.686508253,0.692941128,0.686281163,0.468133741,0.361847582,0.460847787,0.352206671,42.07784653,42.13890457,42.12689972,19.75550079,11.26512146,44.41473389,jahe
1052.675682,1254.284041,1008.968234,1254.759161,11.94629862,14.00725717,11.42020472,14.07565458,0.751726746,0.729763742,0.758584599,0.728535841,0.514785471,0.50461828,0.519244314,0.504336773,0.475164846,0.372691873,0.494539205,0.37245425,73.99809265,74.10329437,74.09104538,35.53404617,17.37537003,77.32847595,jahe
1036.28912,1251.111481,1061.384051,1263.996496,11.40039063,13.66199195,11.72348948,13.75787087,0.773566319,0.748368708,0.768573904,0.747675596,0.531196963,0.517928105,0.527547296,0.517351276,0.450557936,0.337789603,0.439845869,0.330969595,73.20611572,73.34208679,73.34448242,36.25314713,18.34129333,76.57801056,jahe
897.5125902,1102.905932,940.5907381,1115.051114,9.426606837,11.46293098,9.862019936,11.55236844,0.819886742,0.797917503,0.815453297,0.797589584,0.583664599,0.572077696,0.580520446,0.571856977,0.455893553,0.332558765,0.431887101,0.325208913,62.37647247,62.52939987,62.52045441,31.44004059,18.23392868,65.91889954,jahe
930.696398,1163.499171,948.5405646,1155.429801,10.72867998,13.13613612,10.81382629,13.03167114,0.769772015,0.743955983,0.770251939,0.744914594,0.545927476,0.534619834,0.546957218,0.534785794,0.521951207,0.401655025,0.511379188,0.405804806,66.06850815,66.16074371,66.12763596,32.43590927,19.13892365,69.88248062,jahe
926.3755275,1139.944535,950.4542067,1152.760693,10.19594698,12.38829125,10.46848627,12.53073096,0.792389012,0.768446332,0.788866479,0.766771947,0.561508951,0.549693559,0.558756477,0.548931567,0.495964285,0.380548024,0.484221514,0.373583655,65.11240768,65.20126343,65.19587708,34.22787094,18.57661438,68.66450882,jahe
631.2205999,764.2803298,640.4935329,764.554065,6.705448875,8.078262568,6.821749633,8.054327304,0.868874584,0.853121496,0.867049393,0.853957153,0.688564092,0.681627591,0.68749091,0.68186737,0.465918689,0.354512106,0.458072779,0.354280918,43.34950638,43.34361267,43.33669662,22.42337036,10.95364761,45.46432495,jahe
613.2063585,759.788711,641.4399538,765.1701778,6.849628486,8.405605064,7.1598199,8.446789037,0.857910342,0.839453608,0.853861136,0.839853496,0.683933534,0.67608329,0.681964348,0.676255806,0.521469283,0.408145109,0.4994365,0.403953092,43.6413002,43.61202621,43.62958527,22.34072876,9.687263489,45.51584244,jahe
799.4715937,931.8418779,782.8310184,946.4337644,8.677096074,10.00918731,8.415748074,10.13591783,0.832086119,0.818101566,0.837273117,0.817122734,0.621355817,0.615395108,0.624692627,0.61474458,0.43023209,0.335250902,0.440553219,0.324841472,54.0794487,54.10823822,54.07902145,26.22481537,14.75095749,57.10355377,jahe
810.3087161,951.3003588,763.7431927,948.6307612,8.867944288,10.29195277,8.32906143,10.27317221,0.825156449,0.809666448,0.831997148,0.810125985,0.619430263,0.612748875,0.622839876,0.612970873,0.453167308,0.357650254,0.483381789,0.359452855,53.8631134,53.87490463,53.84038925,27.05207825,15.55079651,57.13724899,jahe
771.2135366,939.6444713,798.3594132,946.2749453,8.312821062,10.08837282,8.652978229,10.12182092,0.836679546,0.816236417,0.831962867,0.816583735,0.62371941,0.614342044,0.620675858,0.614403456,0.457175831,0.339800061,0.439363809,0.335141449,54.05880737,54.09466553,54.03990936,26.50736237,14.05456543,56.93891525,jahe
890.8080663,1136.108318,939.7435023,1113.962439,9.857616805,12.33171595,10.30739359,12.12421062,0.79660639,0.769817513,0.792646591,0.771949006,0.567386944,0.554369804,0.565683258,0.555409105,0.505716251,0.37069362,0.478563387,0.382960534,63.3297081,63.43887329,63.43161392,30.68935013,19.63176346,67.52819443,jahe
927.8019432,1092.352767,901.406078,1115.119416,9.776617539,11.42569537,9.513648942,11.62258493,0.813214575,0.794598512,0.817054788,0.79330685,0.579164787,0.569351926,0.581251875,0.568871545,0.443424084,0.345687686,0.459109683,0.33205061,62.25886536,62.36711121,62.35042191,30.00786209,19.45752335,66.30167007,jahe
883.3685444,1097.222579,906.1627706,1084.941912,9.539677868,11.69070661,9.759410164,11.58573611,0.80877705,0.78521737,0.806092016,0.785542593,0.579518703,0.567838288,0.57762131,0.568062442,0.487924121,0.365065115,0.475303079,0.372171625,61.85750961,61.9900589,61.95852661,30.08867264,19.56204987,65.92368698,jahe
656.8456458,751.881216,622.6555123,767.9289716,7.285981837,8.301067321,6.928001926,8.435480103,0.857136711,0.845911653,0.861491299,0.844963786,0.677708106,0.672761292,0.679652568,0.672451325,0.438804361,0.358314109,0.467638079,0.344618305,44.30060196,44.34420395,44.34941101,22.98917007,12.04404831,46.60364151,jahe
409.9755534,502.7950873,409.7718322,500.2902639,4.366140227,5.331451702,4.394179611,5.295904964,0.91427497,0.902868826,0.913309009,0.903432377,0.79391511,0.788968864,0.792742939,0.789064435,0.499159465,0.386913067,0.499408338,0.389967342,27.40849304,27.46158981,27.44908142,13.82078552,6.935344696,28.86391068,jahe
377.976616,491.1144259,414.9360934,479.6124938,4.243242417,5.399726564,4.601440191,5.315704214,0.90985549,0.896686019,0.905798754,0.89721742,0.79477308,0.789728208,0.792859352,0.789763534,0.560279591,0.429718213,0.517282654,0.44307425,27.33605957,27.31011581,27.32365799,14.03607941,7.748558044,28.9310379,jahe
380.6914674,483.2936302,404.0469897,483.1221081,4.065527153,5.116731324,4.306636803,5.102829723,0.919427458,0.907345065,0.916821872,0.907603296,0.803578226,0.798737861,0.802077504,0.798773158,0.517203729,0.388228465,0.48758405,0.388445584,26.06788635,26.10596085,26.0880928,12.39162445,7.667827606,27.63549423,jahe
401.3725844,470.0008502,370.6211625,477.4461418,4.226547211,4.905151252,3.894515961,4.986607741,0.92020977,0.912628304,0.92445256,0.912025412,0.807547012,0.804596185,0.8094137,0.804411187,0.463271744,0.37267891,0.504393529,0.362741505,25.38166046,25.39849472,25.37832642,12.21615219,6.67294693,26.65615463,jahe
389.4076336,484.4866173,386.8056048,480.4932196,4.307332436,5.255417986,4.235621025,5.226197816,0.911288595,0.901150153,0.913217247,0.901499071,0.801516199,0.798088783,0.802770306,0.797974965,0.540000413,0.428749287,0.543074139,0.433457841,26.09893417,26.09852219,26.0906105,12.55695724,7.382369995,27.69505692,jahe
377.3731654,467.2734479,396.1007828,474.4952953,4.064648055,4.982839373,4.275386803,5.080518227,0.919563687,0.908416241,0.91624007,0.907556155,0.806740066,0.802049773,0.804661638,0.801896307,0.515529845,0.401237171,0.491487405,0.391983117,25.59254074,25.63028336,25.62917328,11.95611191,6.87059021,27.04618835,jahe
308.0056262,351.429751,276.8835999,365.0080537,3.193798924,3.603907767,2.813463185,3.729374505,0.939980973,0.935710941,0.946525389,0.934255484,0.849010525,0.847365211,0.852143274,0.847129341,0.456865007,0.381466666,0.511745373,0.357568198,19.67352295,19.67390442,19.64695358,9.10994339,5.637550354,20.91910172,jahe
268.9140701,354.2419721,306.0037916,356.405337,2.894668848,3.820382122,3.329814396,3.818505597,0.940671094,0.928518043,0.933985392,0.929081764,0.853217125,0.848321141,0.849980467,0.848603551,0.571402356,0.436470798,0.512288427,0.433029311,19.4379921,19.43227768,19.41240311,9.24571991,6.270996094,20.86449814,jahe
320.4780149,367.2850901,282.8889968,369.0038105,3.406257644,3.879779872,2.991017918,3.877826755,0.935603874,0.930250135,0.941443209,0.930827162,0.845441711,0.843540602,0.848110934,0.843687867,0.466473061,0.389705156,0.529050688,0.386849265,20.11553574,20.09732819,20.08195114,9.950878143,5.456661224,21.29229355,jahe
908.6202605,1055.781124,850.7950289,1069.388165,9.640563845,11.10201401,9.0603787,11.25172238,0.817011529,0.800583516,0.823048507,0.799446449,0.587888986,0.580233328,0.591358951,0.579289414,0.433763382,0.341495006,0.468406785,0.33300811,60.68998718,60.86252975,60.85771942,31.87095642,17.36492538,64.09237289,jahe
535.9144447,681.9327515,585.892238,669.6076608,6.214797884,7.757981932,6.702475232,7.662968509,0.867432408,0.850793602,0.862267594,0.85108476,0.71429082,0.707967999,0.712444555,0.708034269,0.5309508,0.404224338,0.487208662,0.414992246,38.40305328,38.46546936,38.46118546,18.14146423,11.17327118,40.65369034,jahe
347.6053235,422.8328859,352.0755336,421.5264188,3.739557852,4.546681424,3.82580877,4.520410078,0.927337631,0.917454602,0.92554771,0.917997876,0.825113653,0.82077244,0.823666946,0.821061326,0.485364731,0.37516526,0.478746513,0.377095871,23.03632355,23.08928299,23.07126999,11.40003967,6.97712326,24.52968979,jahe
351.9006467,427.0328085,342.6868426,421.4747799,3.831817209,4.5980982,3.719292747,4.540140395,0.923742065,0.915236179,0.925834814,0.915778563,0.823541095,0.820665911,0.824874387,0.82064359,0.509933194,0.406416209,0.522764599,0.414141975,23.04123688,23.07515335,23.05368042,11.74000168,6.954055786,24.50671005,jahe
508.5728695,653.1843666,556.3557975,658.8412537,5.515177807,6.986412429,6.010885519,7.036550105,0.88661878,0.869547065,0.881170459,0.869563566,0.730245145,0.72310092,0.727342907,0.723038903,0.53033767,0.397894268,0.487013527,0.392679746,36.88097382,36.89840317,36.89841461,17.83297729,10.35063171,39.12799072,jahe
526.1940435,627.9638558,518.4205143,641.9579888,5.542586534,6.596344224,5.530951871,6.724215977,0.894211115,0.881438287,0.893368336,0.880399628,0.743925367,0.738015768,0.742357215,0.73785833,0.46892001,0.367376536,0.477895034,0.353278564,34.92905807,34.91399384,34.90346146,17.91333771,10.0221405,37.05677414,jahe
514.3839668,644.0013174,528.6695817,640.199195,5.637697224,7.01241953,5.860108855,6.96917521,0.885563893,0.869632846,0.881849844,0.869997448,0.737639576,0.730809487,0.734322784,0.730992881,0.522288451,0.403006202,0.5105073,0.406530796,35.7636795,35.7716217,35.75771713,17.60032654,8.807857513,37.50506592,jahe
800.2880076,965.5545743,772.9290148,968.1966751,8.905248593,10.55855331,8.560978779,10.60361288,0.817168693,0.799255746,0.821675781,0.799118508,0.610084911,0.602701996,0.612851099,0.602725928,0.504829537,0.402677941,0.521003287,0.401043456,55.35350037,55.36301804,55.36013794,27.33911514,16.5591011,58.85001755,jahe
825.4674581,968.3133069,790.0678013,994.2708208,9.002897199,10.41766461,8.541222022,10.63637547,0.820530427,0.805772118,0.828153964,0.803889881,0.607045823,0.600923317,0.611679771,0.600021324,0.470932318,0.379306849,0.492667012,0.362667966,56.13780975,56.24246216,56.21852493,27.87137604,15.7983017,59.24136734,jahe
883.7644019,1018.181582,817.933567,1039.796742,9.441222786,10.74709809,8.736373991,10.97307762,0.820946621,0.807221625,0.829487008,0.804503311,0.598021279,0.591843682,0.603413505,0.59069194,0.427119883,0.339650755,0.468578157,0.325632083,58.45478058,58.57775497,58.56771088,29.75489044,16.55084229,61.73912048,jahe
1172.817694,1445.516297,1219.606776,1455.478353,12.52549,15.25196748,13.04130229,15.35837026,0.752240738,0.723161335,0.746189347,0.721865682,0.50383303,0.487329136,0.500005412,0.486465889,0.457269436,0.332202785,0.437793308,0.327600531,83.89093018,84.05099869,83.95795441,39.32723999,28.83941269,90.38794708,jahe
362.9320725,446.5485043,370.9913848,444.2631117,3.819838552,4.682817544,3.928762537,4.649277538,0.927372435,0.916915794,0.925130627,0.917327085,0.816586233,0.811925976,0.814920878,0.812021489,0.483366992,0.365534553,0.471894578,0.368781687,24.3516655,24.3735466,24.38481903,12.21141052,6.690296173,25.7371788,jahe
473.3001391,588.5645812,483.2701275,584.9649856,5.158436277,6.339268002,5.2556568,6.322034612,0.89641559,0.882562368,0.895353754,0.88300194,0.756329904,0.750757306,0.755888055,0.75106154,0.51198202,0.394250421,0.501702003,0.397955118,32.58198547,32.59583664,32.57333755,17.01457214,8.811332703,34.47903824,jahe
452.4069762,574.6311021,468.6709118,551.3598676,4.93410592,6.177542212,5.114855981,5.952811149,0.90198122,0.888447096,0.899467681,0.890413768,0.76956717,0.7640634,0.767834043,0.764460548,0.508320907,0.376643324,0.490645147,0.401887832,30.93793869,30.924366,30.9054184,15.45550537,8.78924942,32.8430748,jahe
448.1214683,545.0728283,465.3938433,560.4139537,4.862188112,5.880361978,5.057210127,6.022403407,0.903754631,0.892385523,0.901548182,0.890969271,0.770698971,0.765918671,0.769343477,0.765388038,0.492177752,0.383455872,0.472604273,0.36610318,30.75161362,30.75786972,30.73624039,14.92658997,8.726802826,32.51800537,jahe
297.6023804,329.4792606,275.7388393,355.9692403,4.017597236,4.461042965,3.741086717,4.800287989,0.887659686,0.881310217,0.891449364,0.877890525,0.822998113,0.821076177,0.823439769,0.82072738,0.689353227,0.65669029,0.712175082,0.629088348,22.91917038,22.93147659,22.93429947,11.10910034,7.205131531,24.84231949,jahe
386.5157014,439.32007,369.8877737,435.8232467,4.06702544,4.578957648,3.857968444,4.571803876,0.924384828,0.918684363,0.927565233,0.91834306,0.815175492,0.812794355,0.816772334,0.812706247,0.418579471,0.340390431,0.443592216,0.345640677,24.24741364,24.24103546,24.24342728,13.390728,5.55997467,25.54549026,jahe
195.9970799,234.6435407,192.8805268,229.2021094,2.096310849,2.494069799,2.050773606,2.449056185,0.958913819,0.954265878,0.959789801,0.95465571,0.903331442,0.901463988,0.903683102,0.901473589,0.504180869,0.407549368,0.512064898,0.421288418,12.39484024,12.37426376,12.35984421,6.313583374,3.470478058,13.27206039,jahe
129.110644,154.2948748,134.6486439,153.5896002,1.394003792,1.664385476,1.460150135,1.668061933,0.972763704,0.969731965,0.971877084,0.969480703,0.935497318,0.934216581,0.935045641,0.934149885,0.515911763,0.422597938,0.495147552,0.425237216,8.303237915,8.288749695,8.279975891,4.357959747,2.483535767,8.930088043,jahe
121.992715,149.7954818,123.4193447,146.2117333,1.446986607,1.755255227,1.435588919,1.712278982,0.967883953,0.964275829,0.968789795,0.964688733,0.935576645,0.9345513,0.93608925,0.934548151,0.606685616,0.51797178,0.602086047,0.529503957,8.222160339,8.215446472,8.215774536,4.284690857,2.470134735,8.820430756,jahe
182.0586931,237.8050942,191.0702361,206.7542174,2.083254342,2.688439459,2.17182149,2.371153603,0.955190566,0.948245396,0.954187679,0.95138053,0.903637326,0.90118191,0.903308966,0.901954149,0.587606861,0.462355262,0.567194222,0.53255704,12.44799042,12.44367218,12.42033386,6.206310272,3.956378937,13.40950394,jahe
185.8438035,230.1756351,194.6842435,227.5118815,2.011848704,2.49106736,2.125779721,2.47682875,0.959841803,0.953788367,0.957929687,0.953744551,0.903106563,0.900563341,0.901943565,0.900476786,0.536043779,0.426466635,0.513973756,0.433103965,12.56249619,12.57969666,12.57741928,5.694984436,4.25920105,13.62835693,jahe
250.3894401,288.9289869,245.039223,285.4065203,2.59760274,3.00267692,2.565458354,2.983475094,0.952509816,0.947614539,0.952785723,0.947917795,0.881448846,0.87914572,0.881206984,0.879095955,0.426505784,0.339496404,0.438759969,0.347548908,15.33593369,15.32519531,15.32064056,8.184326172,4.343624115,16.41405869,jahe
248.7751804,282.6211833,244.5258225,283.717809,2.582237647,2.941394985,2.545628975,2.952723067,0.953266973,0.948751721,0.953635053,0.948912683,0.881366784,0.879112185,0.881416519,0.879289748,0.416169132,0.338004766,0.426141615,0.335436095,15.34346008,15.34403229,15.33444214,8.027961731,3.959289551,16.26458359,jahe
240.253203,284.7014373,240.4699578,274.9158053,2.529797578,2.989372743,2.527580724,2.902960696,0.953003906,0.947612937,0.953121853,0.94812908,0.881508087,0.879221736,0.881546621,0.879360821,0.436981449,0.334092231,0.436473497,0.356980518,15.29550934,15.30527878,15.28281784,7.443695068,4.322509766,16.34720612,jahe
283.1693677,320.2162905,274.6240903,316.658438,2.983901052,3.366776322,2.894936399,3.377108697,0.944909651,0.940374024,0.945709602,0.939483775,0.863271222,0.861239811,0.863412931,0.86095171,0.424235832,0.350143967,0.44161082,0.357364373,17.68817902,17.72513962,17.73212433,8.563430786,4.102840424,18.61462021,jahe
285.9495092,330.849338,285.5796921,323.3842625,3.059663955,3.553632224,3.066092833,3.457722665,0.942827362,0.93712623,0.942821388,0.938189392,0.860038439,0.857614282,0.859887048,0.857780463,0.429814745,0.341534408,0.430552162,0.35639161,18.17512894,18.17971802,18.16781998,9.738048553,4.360370636,19.12747955,jahe
274.938853,303.0806331,261.1617157,302.2650112,2.8962818,3.201787677,2.766901602,3.227086293,0.945769034,0.941866843,0.947049595,0.941222819,0.86606836,0.864122541,0.866272462,0.863851337,0.420764726,0.36268846,0.449790103,0.364403532,17.32994843,17.35123825,17.34946442,9.551525116,4.113964081,18.29738235,jahe
277.3867875,317.8928543,274.8798465,311.9842678,2.964232204,3.41806289,2.948454318,3.346601767,0.944232882,0.938634783,0.944270536,0.939420782,0.861812845,0.859175158,0.861448729,0.859390756,0.427211911,0.34481412,0.432388603,0.356991879,17.98811722,17.99584961,17.98952103,8.77722168,4.966281891,19.17071152,jahe
146.6337222,166.9629942,143.2759143,168.2606531,1.543289812,1.770772937,1.518369313,1.784046477,0.971289689,0.968494587,0.971409005,0.968292924,0.929246578,0.927823177,0.92909692,0.927729136,0.45567845,0.381406455,0.468143026,0.376598662,9.06893158,9.057567596,9.047515869,5.004375458,2.327705383,9.575668335,jahe
146.2383806,170.77466,146.0254785,170.0662298,1.531838613,1.792180637,1.530883072,1.784000521,0.971803829,0.968613358,0.971862146,0.968859406,0.93017918,0.928806686,0.930072355,0.928807504,0.45387185,0.363468837,0.454666934,0.366109381,8.909118652,8.921710968,8.911617279,4.547801971,2.208518982,9.417190552,jahe
143.3442775,171.6996718,147.8087161,171.9944547,1.540209149,1.846791334,1.586923618,1.848453399,0.970154325,0.966469753,0.969741299,0.966495632,0.927637436,0.926079645,0.92742046,0.92610769,0.502801057,0.405593078,0.487315862,0.40457257,9.279148102,9.269374847,9.261516571,4.405143738,2.458087921,9.860404968,jahe
166.7155623,190.9538107,160.1657978,190.8612253,1.797517123,2.053117137,1.705341854,2.05084233,0.966177476,0.963314999,0.96780536,0.963328868,0.918111691,0.916912138,0.918895524,0.917028817,0.451631668,0.373111364,0.473175448,0.373415316,10.41926575,10.42824936,10.41629791,5.593791962,2.73979187,11.09311676,jahe
178.7337023,200.4346644,163.3531143,195.4865599,1.841242661,2.07256406,1.683150379,2.028477219,0.967246937,0.964512867,0.969014154,0.964837197,0.920718864,0.919505528,0.921284934,0.919513091,0.403040922,0.331847342,0.454411097,0.34834194,10.1197319,10.12692642,10.11440659,5.335178375,2.708301544,10.82134247,jahe
285.0267704,330.8117769,277.903177,329.1075861,2.85824364,3.350975218,2.830425942,3.340619866,0.950370901,0.943814505,0.949692056,0.943936137,0.867304283,0.863898783,0.866371255,0.863870111,0.403042964,0.308472006,0.417962543,0.312034442,17.22259521,17.23299408,17.22156906,9.108421326,4.877689362,18.34674835,jahe
274.8073859,319.7911313,267.7856761,315.8494261,2.79070603,3.258290218,2.754212023,3.233374566,0.949688459,0.944429456,0.949876435,0.944568818,0.8712176,0.868724155,0.870811358,0.868648804,0.417029842,0.322894547,0.431925538,0.331240464,16.7000618,16.7035675,16.69798279,8.895767212,5.028244019,17.81758118,jahe
280.5073691,331.4160485,282.6301064,325.2838952,2.850224743,3.388605283,2.898093505,3.329199873,0.94941303,0.942626806,0.948148748,0.943203046,0.866498785,0.863085786,0.8655855,0.863410377,0.423052151,0.319641423,0.418686103,0.33223002,17.37391281,17.35814285,17.34917831,9.490261078,4.955539703,18.48371506,jahe
280.0677211,326.5621608,274.4584302,327.3205525,2.895448569,3.379544349,2.83203125,3.388344867,0.946352186,0.940601172,0.947266212,0.940522759,0.86534633,0.862933059,0.86575954,0.862734343,0.457624689,0.368785267,0.468487565,0.367319365,17.41544342,17.41155624,17.40232468,9.173793793,5.179862976,18.59696198,jahe
128.3042441,151.9602866,128.148277,151.9140092,1.327651052,1.577169205,1.332283513,1.588527924,0.975482359,0.972360532,0.975023196,0.972111214,0.938187084,0.936644878,0.937691023,0.936613231,0.483282642,0.389192609,0.483910766,0.389378622,7.912330627,7.913650513,7.907569885,4.038208008,2.105232239,8.404842377,jahe
137.1738396,163.1281283,139.6041692,161.9882124,1.424275318,1.709598232,1.472778559,1.705247759,0.973746894,0.97050435,0.973188624,0.970493927,0.934259614,0.932722099,0.933698892,0.932643037,0.471077792,0.372213367,0.461706797,0.37660025,8.395847321,8.3920784,8.382087708,4.47738266,2.097637177,8.884990692,jahe
204.2515289,229.9407554,197.0619573,230.7590198,2.07681782,2.352870891,2.010480369,2.372072717,0.963921271,0.960365774,0.964652217,0.96009998,0.908000982,0.906065512,0.908291344,0.906018746,0.394102127,0.319206558,0.415429488,0.316783895,11.68899536,11.6854744,11.67991257,6.264492035,3.121868134,12.42520142,jahe
199.3247462,232.4659602,184.7445114,222.1496854,2.105598704,2.465600239,1.957207069,2.364252588,0.961525926,0.956969525,0.963122795,0.95814057,0.908782319,0.906761063,0.909079622,0.90699465,0.443241136,0.351913258,0.483967012,0.380673774,11.61107635,11.62242889,11.61088181,5.239498138,3.199081421,12.42029953,jahe
204.0699761,226.5799151,196.6247554,225.8687428,2.043442698,2.305613107,2.001742906,2.299179308,0.964980081,0.961200338,0.964541337,0.961089687,0.906248547,0.904314462,0.905557377,0.904212383,0.373501421,0.305731588,0.396358385,0.307910706,12.13117599,12.12465286,12.11687469,6.289157867,3.300945282,12.85949707,jahe
195.9542564,225.7133513,185.5631115,219.1032663,1.994641328,2.302664282,1.889134357,2.21930829,0.965017234,0.961466746,0.966086733,0.962534364,0.909082114,0.907588789,0.909401982,0.907727086,0.410189423,0.321920837,0.441466146,0.341778594,11.72955322,11.72151947,11.71541214,6.699352264,3.144775391,12.42601395,jahe
183.849338,216.696474,183.41128,211.504789,1.815198447,2.169071044,1.850048924,2.127864094,0.968418685,0.963722335,0.967089265,0.964084423,0.911895622,0.909762312,0.91092827,0.909680198,0.404601613,0.299575388,0.406020269,0.31635639,11.45018768,11.45466614,11.44501877,6.343215942,2.950771332,12.10081863,jahe
199.4104162,228.3788665,184.3672028,219.7897526,2.067598765,2.398344063,1.958980553,2.303774878,0.962897245,0.958612112,0.963206487,0.959553293,0.906960229,0.905066184,0.906545969,0.905296362,0.409070855,0.324524091,0.453649635,0.349928103,11.98203659,11.98980331,11.97818375,6.113254547,3.305931091,12.71642685,jahe
199.089515,216.5622221,181.937844,218.7375661,2.006520609,2.197249551,1.830120169,2.200926007,0.965638733,0.963203953,0.967673302,0.963188111,0.909992048,0.908751886,0.910766131,0.908681403,0.365078941,0.310684272,0.419777739,0.30376017,11.60063934,11.58785629,11.57275772,6.416278839,3.248565674,12.29620743,jahe
183.0673771,211.3378702,177.0664598,211.9988434,1.848313662,2.170227596,1.841556079,2.177794969,0.966988507,0.962456967,0.965957408,0.96244464,0.911961522,0.909757615,0.911087706,0.909671288,0.412599667,0.323192643,0.43185455,0.321075883,11.42464066,11.40934372,11.40087509,6.664226532,2.938220978,12.05099487,jahe
147.2450388,166.5072667,132.6723642,162.6865553,1.569448691,1.782499301,1.425261436,1.751004324,0.970246214,0.967735991,0.971787225,0.967784355,0.928844579,0.927609333,0.929174829,0.92758967,0.452993064,0.382623993,0.507129721,0.396790436,9.022426605,9.019252777,9.013122559,4.731678009,2.118297577,9.488395691,jahe
122.5243701,134.4059574,103.4138943,134.5906304,1.278895548,1.405371456,1.056346318,1.400255054,0.976805237,0.975284112,0.980348502,0.975560726,0.945155229,0.944632662,0.946723939,0.944691659,0.411761694,0.355964235,0.503510902,0.355079334,6.874305725,6.866134644,6.863796234,3.727848053,1.850318909,7.335212708,jahe
133.5485415,155.8246177,127.1195267,149.3600974,1.366751773,1.617411085,1.32710066,1.556473819,0.97530193,0.971964105,0.9753846,0.972512019,0.937044848,0.935397032,0.936646669,0.935482819,0.440822076,0.348808802,0.467740851,0.375824037,8.067344666,8.064006805,8.067718506,4.674175262,2.098297119,8.558036804,jahe
136.9927608,156.992245,127.8615231,154.1143455,1.425903559,1.647749511,1.355109467,1.630171453,0.973471425,0.970481135,0.973789952,0.970609694,0.934052383,0.932625858,0.93377223,0.932608511,0.450044473,0.370970841,0.486701699,0.382501874,8.413394928,8.418403625,8.417308807,4.429458618,2.429237366,8.949645996,jahe
133.0653972,157.874135,136.1879969,152.9920918,1.382132155,1.657017245,1.432278926,1.602659304,0.974883704,0.971605967,0.974274291,0.972388157,0.936105344,0.934668617,0.935752536,0.934783067,0.440536448,0.337509809,0.42740771,0.357996419,8.144054413,8.134788513,8.131885529,4.009132385,2.424232483,8.732601166,jahe
142.944678,161.3317887,135.7929687,161.7970749,1.462512231,1.655232632,1.384196123,1.669739316,0.974476683,0.972017922,0.975280827,0.971697329,0.935417352,0.93424331,0.935871037,0.934172111,0.420582562,0.347312712,0.449571575,0.34543034,8.162929535,8.158401489,8.1521492,4.021816254,2.109161377,8.661197662,jahe
318.5812974,362.0603705,317.6417716,368.1788443,3.218000856,3.685440849,3.236698875,3.756488371,0.943419027,0.937234826,0.942732462,0.936416063,0.853397111,0.850132151,0.852691166,0.849972334,0.404903409,0.324970438,0.406658404,0.313563085,19.03108597,19.07356262,19.07436752,9.326309204,5.489654541,20.26356506,jahe
304.2363702,349.420016,294.3000245,344.8576024,3.148361057,3.604451576,3.058295621,3.601602322,0.943029482,0.937464147,0.943544722,0.937044235,0.856287745,0.85362449,0.856342931,0.853404603,0.419574325,0.334637114,0.438531001,0.343324827,18.60215759,18.59053421,18.5870018,9.7537117,5.219085693,19.72515488,jahe
190.2738656,220.2776797,195.5985277,215.1926042,1.979734895,2.303154476,2.034735812,2.25291723,0.965005794,0.960969969,0.964571982,0.961547495,0.90968476,0.907613678,0.909369596,0.907806808,0.39093193,0.296244104,0.373887647,0.312490198,11.54088593,11.54289627,11.54226685,5.99564743,3.320716858,12.32052231,jahe
176.7058999,198.5741859,172.3905868,205.7798875,1.872003425,2.111297062,1.83853657,2.182390539,0.966225211,0.963077728,0.966151824,0.962444336,0.915804877,0.914161191,0.915584193,0.914069531,0.424054944,0.35402187,0.438120027,0.330581131,10.83886337,10.82519913,10.81975555,5.921710968,2.929073334,11.53036118,jahe
193.0965325,220.9980584,191.6067071,218.946879,2.012016879,2.327756098,1.991843505,2.295694333,0.963404676,0.959235714,0.963661834,0.959777839,0.908334386,0.906712788,0.908521502,0.906625197,0.416224569,0.333153116,0.420728656,0.339342412,11.77401352,11.75408936,11.7542305,5.807884216,2.860237122,12.47784424,jahe
240.8939885,275.522076,235.1132125,269.0028071,2.432416524,2.818670272,2.401846869,2.731798668,0.957934571,0.952919954,0.957865015,0.954006784,0.889593751,0.887216031,0.889220228,0.887501679,0.380419118,0.292712147,0.395287311,0.309447647,14.23513412,14.23807526,14.23106003,7.883968353,3.510585785,14.95536804,jahe
229.6669826,273.5248486,239.7495566,274.9894493,2.328591304,2.778374776,2.454783818,2.795378388,0.958231591,0.952805982,0.956322429,0.952628992,0.888865605,0.886147238,0.887670968,0.886205172,0.431243924,0.323928354,0.406275053,0.320308299,14.45172119,14.4468689,14.44206619,7.116088867,3.842979431,15.32528305,jahe
245.0714668,271.3035872,229.2166019,270.9565068,2.484619618,2.743249298,2.302325404,2.753053182,0.957133429,0.954109057,0.959339314,0.953676839,0.887482848,0.886154332,0.888596055,0.886059517,0.378425221,0.313209975,0.418637916,0.31408859,14.49999619,14.48890305,14.47409058,7.555938721,3.836936951,15.35752106,jahe
235.2826107,262.0021829,220.4300315,256.5862646,2.464079318,2.772385216,2.318042136,2.708093183,0.955949243,0.952079682,0.957614309,0.952712704,0.894805913,0.892901722,0.895476352,0.89304062,0.401799809,0.335138738,0.439562122,0.348882266,13.39823532,13.40279007,13.40197754,6.683559418,3.606517792,14.28937531,jahe
226.5439319,248.0689565,207.1249388,243.0707833,2.35886283,2.598573075,2.157488381,2.557909934,0.958028928,0.955296733,0.96082109,0.955528172,0.896229154,0.8948473,0.897302215,0.894805577,0.373085251,0.314833329,0.426823407,0.328638288,13.1566658,13.16261673,13.15294647,7.137195587,3.440299988,13.93421173,jahe
224.968192,252.7958609,209.3655898,251.6462023,2.439319349,2.763975322,2.276762781,2.738960099,0.95410051,0.950095163,0.956550488,0.95037466,0.893463956,0.891580967,0.894667173,0.891730037,0.44647923,0.379197061,0.484868499,0.382020333,13.48257446,13.47422409,13.46202087,7.376399994,3.836109161,14.41181564,jahe
129.3902963,152.6583078,127.7207452,149.2561609,1.348420682,1.584958697,1.319387537,1.544111734,0.974868611,0.972270371,0.97539374,0.972578218,0.937306551,0.936238926,0.937437516,0.936188999,0.474974612,0.381754521,0.481749129,0.395532756,8.026256561,8.010566711,8.005760193,4.34771347,2.187843323,8.519893646,jahe
137.0583568,158.0295112,126.209852,147.7133053,1.371774095,1.579597198,1.265311583,1.483534453,0.976272871,0.974255441,0.977512094,0.974903766,0.938607074,0.93775915,0.939044468,0.937849666,0.409107213,0.32001087,0.455877825,0.36440073,7.819087982,7.821926117,7.827365875,3.74786377,2.243354797,8.337097168,jahe
132.5684014,147.1993137,125.6151541,152.7053665,1.332963858,1.494249792,1.252744313,1.535295897,0.975385768,0.973308551,0.976685787,0.973179087,0.93661477,0.935715213,0.937189924,0.935751959,0.432484046,0.371066193,0.462250406,0.347540657,8.119289398,8.110206604,8.107128143,4.410747528,2.393722534,8.675582886,jahe
153.6753685,169.5678862,140.4651954,162.6157758,1.517773055,1.693169067,1.397902397,1.638328591,0.974063572,0.97178616,0.975053467,0.971991741,0.932418999,0.931252631,0.932556404,0.931213952,0.379630855,0.316795003,0.432958749,0.34480571,8.666503906,8.656726837,8.650089264,4.49269104,2.634056091,9.31477356,jahe
157.5958293,176.4364567,145.826298,176.1345124,1.55587237,1.757836405,1.448698936,1.752926804,0.973279764,0.970678261,0.974264061,0.970850845,0.93034986,0.929053488,0.930359905,0.929146819,0.395326004,0.324342213,0.440484112,0.325498499,8.961811066,8.955387115,8.949302673,4.49312973,2.644500732,9.621257782,jahe
149.5870536,168.1094512,138.7412167,168.6319293,1.477395731,1.685770198,1.390999572,1.682737122,0.974290667,0.971693255,0.975218731,0.971777261,0.931348574,0.930066372,0.931555375,0.930002928,0.374449943,0.298349145,0.419805565,0.29616844,8.798473358,8.787883759,8.77885437,4.260540009,2.848804474,9.48809433,jahe
225.2286035,261.3275914,217.974552,255.3434308,2.30990093,2.700127527,2.263194105,2.64936179,0.957313738,0.952391327,0.957398093,0.952948171,0.891719527,0.889525674,0.891397846,0.889651617,0.44806324,0.360824477,0.465839747,0.375461007,14.02552414,14.03314209,14.04888916,6.864448547,3.092765808,14.67316055,jahe
233.5488472,267.926356,227.4937317,263.6214092,2.381077238,2.742406777,2.330364787,2.71411338,0.956482304,0.952377418,0.957051825,0.952427192,0.888522742,0.886705849,0.888591553,0.886716973,0.42950945,0.346786046,0.444300301,0.357281659,14.49850464,14.49557877,14.4871254,8.062137604,3.602809906,15.26821518,jahe
204.3693279,230.9488781,195.9781831,230.0498466,2.175788894,2.47908058,2.105996208,2.460261718,0.959896925,0.95606979,0.960434959,0.95643304,0.899715537,0.898006737,0.899900615,0.898168648,0.418278426,0.343879639,0.442163175,0.346433767,12.85472107,12.87029266,12.87260437,6.337860107,3.634502411,13.67220688,jahe
211.3809091,232.7976455,206.4763332,231.756519,2.263599254,2.504501744,2.212275257,2.501721424,0.95838448,0.955861701,0.959263341,0.955677038,0.899136606,0.897844771,0.899348032,0.897830043,0.396394274,0.336509793,0.410399465,0.339477079,12.9066391,12.91207504,12.91029739,6.986385345,3.227527618,13.6135788,jahe
154.8443386,178.8825793,144.205403,174.5394281,1.615192331,1.860018918,1.496017307,1.818168589,0.970583038,0.96782317,0.972266444,0.967932957,0.927964831,0.926837586,0.928667277,0.926847676,0.446741997,0.362083542,0.484754858,0.377571734,9.165481567,9.167453766,9.16034317,4.971912384,2.178577423,9.646316528,jahe
208.8738228,242.3127439,203.4024508,242.3469426,2.193539017,2.532251332,2.108052532,2.51739232,0.959863236,0.955945284,0.961405651,0.956316799,0.90039033,0.898838546,0.901216417,0.898972726,0.437284506,0.34844857,0.452024629,0.348356614,12.76583481,12.78142548,12.77427292,6.526527405,3.647655487,13.62360001,jahe
230.9951459,259.6299647,214.3338812,252.4272502,2.362983121,2.662344277,2.183807791,2.593211576,0.958029919,0.954647643,0.960674971,0.955167314,0.896942736,0.895394968,0.898191935,0.895383262,0.396851099,0.323380763,0.440355145,0.34215169,13.12427902,13.15345001,13.14748764,6.957015991,4.020263672,14.04883957,jahe
214.1766068,250.4042647,208.7580036,241.2682856,2.196696123,2.56694789,2.132445572,2.468541404,0.961104136,0.956897307,0.962224284,0.958111011,0.900371478,0.898671611,0.900929014,0.898975076,0.414675809,0.31698036,0.429484334,0.341900276,12.7193222,12.77119064,12.77080154,6.323486328,3.625526428,13.5519371,jahe
217.1870031,247.8109306,207.244282,240.2092593,2.216854207,2.548374125,2.116346624,2.450679953,0.96127481,0.957195924,0.962363032,0.958449013,0.901090228,0.899266687,0.901450049,0.899598723,0.399137594,0.315728588,0.426644799,0.33671881,12.62949753,12.68366623,12.68737793,6.302288055,3.662403107,13.47054291,jahe
219.2901633,247.5187518,204.674497,248.8309175,2.26087023,2.551460817,2.095745169,2.566082391,0.959270489,0.955899436,0.961610634,0.95559556,0.898343669,0.896897287,0.899570431,0.896832159,0.408112414,0.333200071,0.447561659,0.329665179,12.97252655,12.99599457,12.99256134,6.873428345,3.871509552,13.87423325,jahe
231.4741698,267.1310542,213.7388928,257.9288759,2.389898789,2.750839649,2.199333415,2.657082349,0.956840965,0.952911287,0.959419724,0.953868127,0.892097777,0.89049084,0.893051928,0.890720872,0.42892893,0.342219851,0.47268372,0.364879179,13.86896515,13.87732315,13.87334061,7.113746643,4.041847229,14.82322311,jahe
235.0299963,258.8302052,219.1799551,263.3457669,2.336243273,2.583606834,2.175735384,2.622094738,0.960436975,0.957355151,0.962455945,0.957148254,0.892958383,0.891399425,0.893935674,0.891383499,0.359441459,0.295929136,0.402639687,0.283645889,13.75379944,13.75666809,13.74689484,7.529407501,3.542324066,14.50931549,jahe
260.5334745,306.9078014,259.5050682,305.2632151,2.666867967,3.171334362,2.683517307,3.124719957,0.950851192,0.944611935,0.950497098,0.945548299,0.872919221,0.870148786,0.872359353,0.870336543,0.427516976,0.32690143,0.429776744,0.330508274,16.55225372,16.55841064,16.53560257,8.637180328,4.471336365,17.57896805,jahe
283.360644,313.0541473,261.3285149,308.7998897,2.894554183,3.193783725,2.673021649,3.181904175,0.94905067,0.945325811,0.950916167,0.944835031,0.870409734,0.868367787,0.870793005,0.868234648,0.373015075,0.308633141,0.42176501,0.318028489,16.82089996,16.81779099,16.80939865,9.080543518,4.253204346,17.78121948,jahe
268.0561323,300.7383014,251.6291585,295.2214567,2.743479391,3.089893191,2.573867111,3.030158432,0.950281714,0.946263192,0.95232942,0.946878421,0.874757939,0.872985565,0.875551683,0.872986189,0.397110257,0.324893599,0.434056451,0.337277978,16.21204758,16.2110672,16.19464111,8.923797607,4.431846619,17.18335724,jahe
286.7933892,321.3206215,265.0946367,319.0256395,2.932951627,3.287908671,2.721043297,3.282439942,0.948006742,0.943973535,0.950068339,0.943623214,0.869972736,0.868008345,0.870677681,0.867983776,0.398297512,0.327141569,0.443822248,0.331947354,16.83507538,16.83438873,16.8249321,8.875209808,3.987335205,17.77024841,jahe
212.0842405,246.6673764,207.8662014,237.9646294,2.174902153,2.564849246,2.163986057,2.468503108,0.960297443,0.955298524,0.959968562,0.956371296,0.898138405,0.895731522,0.897535725,0.896077517,0.428726198,0.336843688,0.440087981,0.360240709,13.11425781,13.10590363,13.09832382,6.266338348,3.616111755,13.91775894,jahe
218.2477984,243.8721282,201.6570679,240.4457321,2.231133806,2.512482719,2.09131146,2.512521015,0.959352971,0.956002843,0.960819553,0.955637902,0.90053122,0.89887476,0.900940803,0.898769455,0.43019609,0.36451288,0.473511364,0.373441455,12.69406891,12.71543121,12.70862961,6.536876678,3.55909729,13.58137512,jahe
201.9000275,229.5723822,187.7343674,223.5184684,2.031769814,2.338211021,1.919237708,2.278591151,0.964432305,0.960565754,0.965400499,0.961270883,0.907239599,0.905335533,0.906962829,0.905425288,0.405254737,0.32503694,0.446983109,0.342835981,11.94303894,11.93793106,11.93790054,6.334114075,3.564712524,12.77809143,jahe
267.1949074,300.2496467,247.1910699,299.1632385,2.686804366,3.053925192,2.523766206,3.032165165,0.952992415,0.948049087,0.953787104,0.94808665,0.877411562,0.874861607,0.87720058,0.874739738,0.393899321,0.320219067,0.439275708,0.322678752,15.8975296,15.90130997,15.89535904,8.979564667,4.025375366,16.77235031,jahe
269.2480048,300.8198804,256.514356,302.6102535,2.707726884,3.044672776,2.601975294,3.075555011,0.952292342,0.948127486,0.953303674,0.947640638,0.877080479,0.875004832,0.877257674,0.874820558,0.394032029,0.324268455,0.422690304,0.32024674,15.88947678,15.90146255,15.89002991,8.733848572,4.717071533,16.96148682,jahe
260.8654217,301.9423103,249.2735139,290.3479536,2.650814885,3.082149655,2.555956458,2.975900062,0.95331149,0.947746776,0.95361797,0.948545691,0.878607166,0.875899565,0.878173196,0.875989804,0.400384792,0.307292525,0.427029504,0.333891969,15.72926712,15.72816849,15.72112274,8.832008362,4.40158844,16.64067841,jahe
255.3750153,286.7740779,238.5961733,292.4401714,2.614932424,2.965613643,2.484589041,3.027278541,0.953476457,0.948454761,0.954000651,0.948252838,0.87931241,0.877003938,0.87909214,0.877070705,0.411580556,0.340493286,0.450241335,0.327462726,15.58649826,15.64077759,15.6456604,8.244792938,4.054042816,16.47319031,jahe
134.2692866,155.9745712,123.8717817,148.2747538,1.358411815,1.614385668,1.275799596,1.512800579,0.97613928,0.972904403,0.976624132,0.973869664,0.938681242,0.93725787,0.938610186,0.937459404,0.413356378,0.319836958,0.458784711,0.353413784,7.779502869,7.802646637,7.798675537,4.035701752,2.150604248,8.294342041,jahe
142.7350783,158.9238169,129.6342267,153.4083126,1.442675208,1.615465627,1.291256421,1.554244967,0.975209264,0.973232284,0.977431595,0.973889144,0.93800762,0.93721989,0.939066763,0.937345707,0.368804971,0.298572061,0.426738819,0.322915353,7.811168671,7.81262207,7.81098175,3.646816254,2.146854401,8.337200165,jahe
131.3788757,140.2130507,118.4632232,145.3187067,1.401166524,1.501281015,1.243915117,1.554137737,0.974319995,0.973011133,0.97658689,0.972470558,0.938931745,0.938236849,0.939976479,0.938018855,0.412756075,0.374477437,0.47048711,0.351699936,7.689781189,7.677215576,7.671897888,4.205974579,2.157718658,8.212772369,jahe
134.5602449,147.3099291,118.4731531,144.3382876,1.377392674,1.523286139,1.199371636,1.480195005,0.975741161,0.973867751,0.977900523,0.974305428,0.940138096,0.939242477,0.94102402,0.939413604,0.390413534,0.333942541,0.463291474,0.34737873,7.558460236,7.562122345,7.559371948,4.216320038,2.179149628,8.104175568,jahe
136.7172899,150.0725334,121.5194319,147.4427028,1.433249755,1.580700135,1.258202361,1.550530214,0.974272169,0.9725588,0.976858583,0.972871229,0.938999846,0.938240361,0.940120066,0.938359879,0.403932943,0.346967673,0.470193345,0.358411236,7.67980957,7.677761078,7.672504425,4.188594818,2.124835968,8.20652771,jahe
137.7215784,150.7554199,123.3042059,148.0787604,1.417586534,1.559744333,1.254059136,1.523194228,0.975236186,0.973480418,0.977414421,0.973903721,0.938996386,0.938126759,0.940028193,0.938240444,0.382308519,0.325155415,0.446971503,0.337137267,7.685512543,7.693992615,7.688327789,3.591655731,2.154346466,8.211967468,jahe
149.795155,170.7194366,139.9717007,166.0652801,1.571933097,1.785302599,1.458193187,1.753876555,0.970384349,0.968006626,0.972196516,0.967982061,0.926891886,0.925928107,0.92787127,0.925949785,0.438014358,0.36074523,0.474868956,0.378172605,9.301254272,9.312602997,9.30480957,4.947265625,2.347675323,9.85735321,jahe
154.7824043,172.62872,139.4902382,171.2280131,1.599001651,1.797143853,1.445962268,1.767701564,0.970653087,0.968164126,0.972669949,0.968847004,0.928672915,0.927594541,0.929400355,0.927728729,0.436475118,0.372710117,0.492150155,0.377799938,9.079315186,9.080528259,9.074108124,4.725353241,2.620243073,9.740077972,jahe
153.706649,170.3566393,137.4259647,169.1097844,1.598374817,1.786482129,1.434182363,1.759031254,0.970366368,0.968060728,0.972690034,0.968488902,0.928690363,0.927625638,0.929518378,0.927800191,0.438862917,0.379275217,0.498298834,0.383818355,9.048439026,9.044212341,9.035808563,4.744808197,2.580692291,9.692108154,jahe
210.9445786,235.260251,180.6808494,228.5188399,2.158573875,2.414206441,1.854329746,2.350573106,0.961905514,0.958805639,0.965262533,0.959530271,0.904937597,0.903535887,0.906031826,0.903645302,0.390416937,0.321453924,0.477872404,0.340897745,12.14110184,12.12760925,12.11781693,6.649330139,3.613845825,12.94675446,jahe
219.6024263,240.9738167,196.3711549,233.0836126,2.251047273,2.492438371,2.028979636,2.406738638,0.961111101,0.958059176,0.963553125,0.958857334,0.901782277,0.900146453,0.902523363,0.900418491,0.35890729,0.297866049,0.426727118,0.320856016,12.57642746,12.58092499,12.57190323,6.696849823,3.566062927,13.41759872,jahe
208.4257125,228.3208857,196.461465,229.0995439,2.127782534,2.353460656,2.02241316,2.346950264,0.962398871,0.959759762,0.963856679,0.959962902,0.905553657,0.904195661,0.905936137,0.904156472,0.370918058,0.312191432,0.407029207,0.309845752,12.13662338,12.12904358,12.12494659,6.299144745,2.98714447,12.82810974,jahe
200.5293007,225.0150926,189.4211411,222.0193627,2.072896282,2.357068179,1.976700098,2.309527001,0.963033619,0.959229382,0.963777124,0.959982408,0.905047535,0.903522476,0.905256787,0.903653884,0.411290318,0.340671528,0.443901418,0.349449473,12.2286911,12.23711777,12.22351837,6.115413666,3.151561737,12.93567657,jahe
252.0108549,286.2913132,242.151931,283.453196,2.54936705,2.915498945,2.489206213,2.899674863,0.954936656,0.950108435,0.95505463,0.95028329,0.880165292,0.877907859,0.879771366,0.877920319,0.397355229,0.316687174,0.420931312,0.32346112,15.62392426,15.60832214,15.59751892,8.153114319,4.94254303,16.76659393,jahe
245.0291555,280.6159597,229.7201948,270.2326048,2.483197774,2.867337365,2.367439763,2.773311989,0.955961736,0.951011359,0.956335016,0.951938998,0.885138156,0.882884901,0.884699297,0.883016779,0.405473678,0.320428573,0.442618564,0.345574082,14.888134,14.89972687,14.88277435,7.613773346,3.866016388,15.75558472,jahe
240.9532702,278.2163059,231.0030348,269.8447769,2.475155944,2.877118271,2.414696979,2.803956786,0.956155498,0.951246473,0.956044282,0.951884488,0.886440115,0.884161263,0.885879413,0.884222489,0.418546823,0.329908925,0.442966193,0.350071966,14.73177338,14.74403,14.73039627,7.61264801,4.100749969,15.62127304,jahe
244.7489374,278.4540194,231.2836197,272.13043,2.538198691,2.894045289,2.41899309,2.84929975,0.95337506,0.948833654,0.954417802,0.949101879,0.881239196,0.879161509,0.881548104,0.879214235,0.42415874,0.346108166,0.455839717,0.360957812,15.40423965,15.40961075,15.39867401,7.824539185,4.993003845,16.56895447,jahe
155.4568478,176.2527411,139.2463078,167.9742954,1.610995597,1.836688738,1.471968261,1.779925782,0.971038754,0.968383429,0.972000316,0.968431996,0.930298829,0.929047214,0.930525444,0.929075221,0.424507901,0.348778159,0.484518365,0.37936551,8.892570496,8.885772705,8.880405426,4.83234787,2.574028015,9.495006561,jahe
154.7779094,175.6710108,149.6156051,176.7602682,1.566161632,1.80359297,1.532985262,1.809812309,0.972702241,0.969581671,0.972760529,0.969552984,0.930646971,0.928997629,0.930380512,0.928975205,0.400656831,0.321063754,0.42064671,0.316853974,8.855789185,8.870246887,8.875297546,4.419559479,2.34733963,9.423877716,jahe
149.8019126,167.643085,137.5665362,167.8899974,1.560420744,1.767226688,1.467488686,1.771408657,0.972073569,0.969309965,0.972544947,0.969154945,0.931292761,0.929727518,0.930936704,0.92969804,0.411088287,0.341940641,0.458959913,0.340971421,8.773933411,8.788543701,8.78780365,4.782375336,2.194835663,9.272377014,jahe
157.4142383,181.9374083,148.2527443,172.8233195,1.617080479,1.887416179,1.549145364,1.80541588,0.971829235,0.968479627,0.971996869,0.968869346,0.929729608,0.92811162,0.929500425,0.928197459,0.410708549,0.320215675,0.445005256,0.354269225,8.960445404,8.973163605,8.974918365,4.430828094,2.261543274,9.497085571,jahe
160.5256849,181.0289253,155.182256,176.6375818,1.710685237,1.937423647,1.650516756,1.894010823,0.968705226,0.965771346,0.969422202,0.966314961,0.922979678,0.921586489,0.923247932,0.921765371,0.422279719,0.349742435,0.441510331,0.365516181,9.809165955,9.810554504,9.806987762,5.565452576,2.497951508,10.36077118,jahe
161.5187974,180.9172989,157.589645,183.5988143,1.736630076,1.954281731,1.691031678,1.975298808,0.967054508,0.964203441,0.967698762,0.96433094,0.920478886,0.919174725,0.920642034,0.919194699,0.461358139,0.397824497,0.474461295,0.388899188,10.14183044,10.13790512,10.13970184,5.261047363,2.495029449,10.74108505,jahe
162.9621682,187.3624948,155.0903406,184.991862,1.742065191,1.997518392,1.661020059,1.987216654,0.967861847,0.965013153,0.969004649,0.964988782,0.921587059,0.920249718,0.921886721,0.920234382,0.442269512,0.359992612,0.469210478,0.368090404,9.987438202,10.00342178,9.998657227,5.526679993,2.797351837,10.66312408,jahe
163.1978504,182.6566994,157.0953171,184.4885398,1.739473765,1.965778317,1.680390778,1.989116157,0.966533127,0.963305055,0.967017498,0.963059615,0.918660303,0.917187712,0.918664151,0.917214348,0.47320962,0.41152811,0.492908138,0.405626402,10.43487167,10.41678238,10.4103775,5.549446106,2.847515106,11.13920975,jahe
137.99166,153.5171511,127.9905898,157.3285565,1.417471869,1.586015679,1.333544826,1.63555593,0.974761322,0.972507242,0.975455887,0.972153726,0.936669972,0.935496287,0.936681072,0.935436511,0.417586538,0.353308529,0.45979748,0.337252972,8.042228699,8.062240601,8.0651474,3.995513916,2.042819977,8.494251251,jahe
138.3053526,154.6196897,131.432126,150.1993329,1.449035286,1.626801368,1.375236974,1.58878834,0.973936628,0.971867463,0.974878639,0.97211197,0.937572689,0.936584853,0.937917947,0.936646305,0.420476056,0.353364644,0.449276093,0.371851029,7.915035248,7.927524567,7.919857025,3.627315521,2.241546631,8.44146347,jahe
137.1172945,153.3807545,131.261971,151.5534178,1.402282595,1.57111837,1.33203125,1.553586268,0.975086265,0.973219733,0.976485007,0.973402485,0.936950156,0.936067402,0.937678079,0.936123771,0.412407941,0.343981847,0.437499901,0.35179747,7.997623444,7.99930954,7.999313354,3.764133453,2.360588074,8.550056458,jahe
864.0102816,1066.70326,893.2466289,1069.436009,9.591464347,11.71322107,9.94831672,11.73226205,0.80197404,0.778595175,0.79704816,0.778511504,0.5738839,0.562755311,0.570441336,0.562599749,0.503417361,0.387980945,0.487656856,0.386413036,62.57924271,62.82481003,62.85746765,33.74087906,21.20645142,66.61988068,kencur
872.1160294,1093.500496,900.1556843,1087.731745,9.856993793,12.18662995,10.19821734,12.13474596,0.790798602,0.765453868,0.786464946,0.765468898,0.566224723,0.554309435,0.56300542,0.554576663,0.522133182,0.401851398,0.507655067,0.405006925,63.16343307,63.47063446,63.46012497,32.79125214,20.44305038,66.96240997,kencur
890.6150242,1087.232141,885.1248012,1076.977034,9.665828339,11.67032142,9.648819716,11.57062818,0.805467324,0.783859111,0.804502963,0.784766513,0.571633056,0.561757483,0.570721489,0.561696884,0.482308927,0.369121134,0.486092395,0.375071777,63.28313446,63.68396378,63.69335556,31.78453827,20.16019058,67.09994888,kencur
956.4426293,1146.208823,938.7424933,1146.316328,10.21939212,12.15886888,10.08710708,12.14292991,0.800174121,0.778359899,0.800488818,0.778897913,0.559402252,0.548041916,0.558924101,0.548477768,0.44604502,0.337294137,0.456350799,0.33723198,66.15882111,66.7370491,66.74767303,32.91912079,24.38749313,71.01882553,kencur
407.5991775,456.2803528,394.3459286,464.4530084,4.168335678,4.68039721,4.053372676,4.759119335,0.924540359,0.918316611,0.925473109,0.917752313,0.806831985,0.803867474,0.806905918,0.803724214,0.408712594,0.339338346,0.427938538,0.327504919,25.47977448,25.57017517,25.57124329,13.50321579,9.092075348,27.60654449,kencur
401.6979727,469.3688214,408.2153253,471.5598056,4.163924902,4.856262039,4.215753425,4.867015675,0.922980706,0.915029717,0.922354506,0.914962193,0.805731529,0.802202339,0.805116452,0.802134992,0.442434152,0.349729417,0.433387919,0.346693994,25.51197433,25.7110939,25.71336365,12.80626297,8.731594086,27.53214264,kencur
372.5133317,427.565933,368.4106837,432.4649186,3.940802348,4.527831925,3.90460647,4.577632592,0.92631263,0.919677731,0.927118087,0.919593398,0.815817463,0.812669446,0.815765029,0.812576443,0.430813186,0.34792396,0.437081883,0.340452571,24.11227036,24.23001862,24.23305893,12.35990143,7.741703033,25.79753876,kencur
394.0449028,447.6826452,383.899393,449.4995883,4.140533268,4.718770225,4.049198875,4.738745639,0.922769534,0.915776595,0.923225144,0.915536241,0.810878924,0.807652106,0.810854072,0.807535161,0.430549253,0.354249839,0.445210953,0.351629029,24.79508209,24.90395355,24.94327927,13.1248436,8.842761993,26.82499313,kencur
390.947751,452.7635464,382.9555788,451.1292236,4.126246025,4.776115288,4.047501835,4.757235152,0.923243139,0.91570618,0.92410598,0.916040047,0.80872047,0.8053185,0.808670537,0.805346573,0.433188494,0.344798645,0.444775861,0.3471637,25.10398102,25.20922089,25.209198,12.79717255,9.459194183,27.2592392,kencur
549.2193233,634.3646968,553.0718949,638.3530088,5.792257828,6.699974341,5.846563112,6.720079963,0.89386197,0.883060387,0.892585781,0.882950144,0.732602411,0.727511598,0.731206872,0.727230473,0.410390728,0.32024336,0.406346445,0.315969665,36.25060272,36.41468811,36.43016815,18.19485092,11.77468872,38.72104263,kencur
567.1109727,633.3121235,552.0479032,651.2567469,5.928976578,6.617778731,5.788347756,6.812278599,0.891029679,0.883223823,0.893036034,0.881319404,0.729124562,0.725253908,0.729952292,0.724923927,0.395536134,0.325984922,0.411383395,0.306886998,36.66123581,36.77954865,36.8363266,18.43061829,12.35383987,39.28936005,kencur
545.8446597,633.4994926,536.5373158,641.6334688,5.824883806,6.727229905,5.709160194,6.808380023,0.889090007,0.878960035,0.891262784,0.878483718,0.730953014,0.72671852,0.732138782,0.726843562,0.438211577,0.348970985,0.447598426,0.340611934,36.27804947,36.50727081,36.49338913,17.65542984,13.05327606,39.21434784,kencur
188.9440741,213.4610391,176.0213582,211.0678498,2.031655149,2.280230238,1.872034002,2.264053829,0.962093276,0.959612512,0.964411364,0.959715627,0.911068779,0.910063417,0.912152477,0.910005217,0.458282687,0.389162573,0.495333115,0.396010894,11.26256561,11.31878281,11.31494141,5.167671204,3.612937927,12.09882736,kencur
373.796745,423.2809464,359.3819946,426.4856982,3.909047823,4.455344457,3.75984589,4.449301282,0.927256361,0.919977442,0.928887629,0.920696288,0.817376405,0.814115481,0.817743592,0.814351701,0.44033134,0.367432845,0.461913883,0.362643542,23.91998672,24.01714325,24.02333069,12.00645447,8.334991455,25.835392,kencur
379.7866469,430.1780707,377.6257874,442.8611946,4.023215815,4.574453989,3.9893591,4.68114782,0.926064433,0.919164346,0.926607228,0.918278767,0.813498708,0.810468718,0.813733546,0.81033216,0.416674969,0.340520181,0.419993894,0.321076455,24.42167282,24.54490662,24.57891464,12.27871323,8.44644928,26.34373474,kencur
372.6350064,420.9169159,356.9073661,423.6528583,3.998501712,4.523963986,3.815871147,4.534648688,0.92561984,0.919458394,0.928217292,0.919768999,0.819033253,0.816310837,0.820083794,0.816365154,0.425935367,0.352773176,0.450164658,0.348566228,23.53040314,23.63586044,23.63855743,11.84729767,7.816215515,25.23394775,kencur
395.895311,443.449466,370.3199074,456.0426852,4.186108733,4.705695827,3.926002935,4.820117876,0.922173816,0.915298978,0.925414774,0.914545469,0.810021601,0.80695274,0.811105646,0.806873289,0.430971281,0.363815337,0.467731351,0.345748763,24.7828064,24.95114136,24.95065308,11.63751602,7.834877014,26.49762344,kencur
413.301324,468.6406685,402.2879082,481.5280272,4.2848199,4.882433814,4.166982632,4.983850399,0.922499346,0.91498509,0.923579226,0.914335484,0.805187399,0.801741965,0.805494014,0.801691666,0.412932283,0.335576963,0.428576126,0.317305698,25.53180313,25.66465759,25.66154861,12.96202469,8.370933533,27.4251442,kencur
410.8259387,463.462862,394.2523239,468.4683729,4.272481959,4.857211791,4.113502935,4.893639347,0.922375152,0.914670357,0.923571872,0.914584075,0.805421916,0.802077353,0.8059251,0.802098242,0.423608594,0.350979006,0.446861481,0.343969423,25.52729416,25.66832733,25.64616394,12.82133865,8.91312027,27.6117363,kencur
414.2525914,471.8788991,419.8049092,484.1947909,4.307768163,4.934011435,4.361714163,5.044879577,0.921876943,0.913512594,0.920870963,0.912851271,0.804783936,0.800675885,0.80390959,0.800522063,0.424333142,0.34548233,0.416617354,0.328399624,25.64302444,25.73299408,25.7367897,13.10916519,8.247993469,27.48130035,kencur
440.7757767,523.3873568,447.9537748,502.8662651,4.764287243,5.623921477,4.853855797,5.441147974,0.909946991,0.900330358,0.90852567,0.901500729,0.780153219,0.776176146,0.779196006,0.776450537,0.446420456,0.343889926,0.437405458,0.369614841,29.41744995,29.47282791,29.46399689,14.48755646,9.928127289,31.70774078,kencur
447.3925437,500.3760479,436.8985292,525.2439903,4.796271098,5.373462877,4.683853657,5.589240237,0.910713822,0.903430457,0.912208506,0.902072846,0.779234026,0.775947712,0.780016606,0.775884606,0.41744905,0.349674619,0.431113333,0.317354418,29.24518967,29.45570755,29.45243835,13.78314209,9.374088287,31.20212555,kencur
515.1117753,588.2123077,506.8378792,590.7357355,5.429419949,6.185967425,5.356561888,6.21962998,0.900651894,0.892147947,0.901825192,0.89174277,0.751645794,0.747858558,0.752158269,0.747615899,0.406329662,0.323340516,0.415865392,0.32043765,33.30086517,33.48813629,33.51020432,16.66669846,10.58686447,35.51395416,kencur
510.6594071,598.478621,511.5717496,604.5798461,5.459637965,6.385361576,5.487241622,6.428958222,0.896506591,0.88553433,0.895435751,0.885503289,0.747499081,0.742524197,0.746477964,0.742729065,0.453496013,0.360696089,0.452519631,0.354178668,34.04257965,34.15452957,34.16463089,16.83748245,11.77008438,36.76672363,kencur
557.4628792,644.2348949,550.6407473,651.9368339,5.699027642,6.595164694,5.635258684,6.682603084,0.896902318,0.886740682,0.897859571,0.886206842,0.737487974,0.732657298,0.73759429,0.73264218,0.416126195,0.326493682,0.423271539,0.318441799,35.39817047,35.56383514,35.58058929,18.93163681,10.62601089,37.68918991,kencur
540.3879342,618.0617721,540.2875489,630.1917349,5.561376284,6.389175899,5.562377691,6.471827237,0.899587449,0.88946067,0.899408212,0.889484315,0.741638241,0.736744133,0.741401804,0.7369576,0.401075796,0.316260031,0.401187055,0.302841081,34.80766678,34.9967041,35.01454163,16.6354866,11.18757248,37.23993683,kencur
549.3966143,628.5042681,547.5029201,643.5373218,5.674164475,6.49727521,5.655133929,6.620873082,0.897658681,0.888391322,0.898353901,0.887646771,0.740166572,0.735824542,0.740411842,0.735582119,0.39889511,0.31361804,0.401277187,0.297200623,35.1003418,35.27604294,35.28658295,17.72609329,11.73177338,37.74214935,kencur
396.7714576,472.06263,410.0423572,481.1963266,4.195725294,4.970653452,4.30661387,5.044588524,0.918991454,0.91016198,0.917979049,0.909712304,0.797426009,0.793971845,0.797232034,0.793843344,0.471497787,0.372385489,0.453820861,0.360242099,26.79830551,26.88926697,26.89609146,13.37565231,7.992294312,28.36343002,kencur
412.0002599,503.1843168,412.7956519,487.9599343,4.434006544,5.358197924,4.428189212,5.216340317,0.912870902,0.903137746,0.913275388,0.90431033,0.793034196,0.789158213,0.793108673,0.789605592,0.496529056,0.386245579,0.495557075,0.404815379,27.2831955,27.3803978,27.39511108,13.34031296,8.398509979,29.10015869,kencur
373.9435543,439.1073334,365.6152994,430.7814002,3.860598092,4.537183911,3.771136558,4.447891973,0.928770519,0.921103361,0.930011464,0.922048579,0.821725907,0.818236967,0.822054415,0.818564106,0.434796806,0.337554229,0.447384685,0.350114892,23.28649521,23.38636398,23.40482712,11.736763,9.719142914,25.74055099,kencur
355.4354743,430.9007395,376.2294903,433.8767468,3.732096991,4.511004477,3.950113136,4.559817096,0.930544704,0.92198124,0.927861239,0.921075514,0.824344754,0.820586464,0.823044433,0.820420677,0.460584652,0.34728821,0.429027274,0.342780269,23.00457382,23.05488205,23.08760834,11.69456482,7.634063721,24.76721573,kencur
392.870895,452.7549374,397.6972924,467.8007744,3.957902703,4.59509576,4.027955296,4.721780324,0.929381769,0.921500455,0.928090786,0.92046926,0.806786449,0.803012961,0.805770401,0.802733892,0.404147158,0.314619194,0.396827138,0.291842794,25.75907135,25.86238098,25.85752869,12.23827744,9.281154633,27.89500809,kencur
372.3733412,454.7455011,404.95061,456.1729237,3.843513026,4.676130989,4.154774645,4.690875112,0.928284668,0.918913982,0.925028559,0.918799088,0.807903613,0.803852691,0.806542104,0.803875259,0.450545761,0.330265761,0.402476481,0.3281635,25.5272789,25.63946915,25.64465714,13.07068253,8.185325623,27.35716629,kencur
336.1078232,390.3193079,348.8613702,407.9940334,3.591991805,4.187009088,3.713215509,4.336970217,0.931788774,0.924114443,0.929918216,0.923220498,0.825368078,0.821794193,0.824218448,0.821812174,0.452928805,0.365888243,0.432170294,0.337173928,22.93677521,23.00473785,23.01627731,11.04457855,8.549716949,24.95015335,kencur
371.543672,423.4019324,367.281831,426.1396211,3.839950771,4.379609453,3.793350966,4.402786448,0.930204326,0.923738164,0.931167221,0.923592558,0.82046185,0.817481409,0.820834065,0.817478972,0.408362103,0.327057424,0.415148564,0.322706222,23.50868225,23.60784912,23.59558105,11.34562683,9.001789093,25.50560379,kencur
341.2411555,409.2812757,351.502859,412.6382711,3.662762965,4.354249562,3.755251651,4.396467538,0.92960008,0.921818061,0.928709638,0.921453881,0.8236926,0.820523015,0.823274279,0.82042622,0.462093518,0.356056092,0.445917753,0.350774353,23.08169937,23.20142746,23.21947479,11.20571899,9.428813934,25.19505692,kencur
342.0842099,417.1110405,357.2361485,412.2995316,3.733358305,4.510039407,3.871139616,4.464298161,0.926802318,0.918258049,0.925614879,0.918549734,0.822849937,0.819544572,0.822422128,0.819665559,0.47733477,0.363899748,0.454184355,0.371237368,23.28594971,23.36908722,23.37187576,11.47568893,10.16003799,25.75899124,kencur
361.52622,417.3275455,358.1023957,421.7647374,3.747958965,4.323788588,3.695457742,4.373535641,0.930808213,0.924461766,0.931920885,0.923646245,0.827205019,0.824511364,0.827735343,0.824294773,0.435847069,0.349997663,0.441189864,0.343086581,22.49679184,22.57034683,22.58298111,11.20610046,7.488681793,24.31666565,kencur
256.2910194,313.1150922,267.3385671,299.0098384,2.666974988,3.259385496,2.799772199,3.145154928,0.950698289,0.943985325,0.948721446,0.944313331,0.870970984,0.868183393,0.869911284,0.868070898,0.448437751,0.327430705,0.424662395,0.357728704,16.76908875,16.83889389,16.83716965,8.248832703,5.889808655,18.12750626,kencur
263.7558861,310.5652246,265.5573324,310.6092348,2.837022994,3.318783246,2.826756666,3.325393209,0.945355161,0.940129937,0.946210792,0.940001274,0.866801729,0.864717204,0.867093683,0.864570887,0.470525725,0.377741997,0.466909428,0.377653817,17.13175964,17.26964188,17.26153564,7.89422226,6.352462769,18.58232498,kencur
147.974552,180.8103829,152.8662243,180.27012,1.6257415,1.982835544,1.686941964,1.991850521,0.966270534,0.961858368,0.965521476,0.961692507,0.924058529,0.922149175,0.923627047,0.922085958,0.568099083,0.473269611,0.553821508,0.474843486,9.712123871,9.695365906,9.695056915,5.433368683,2.445606232,10.31631851,kencur
203.3095416,255.2584128,208.5330923,235.6510813,2.309748043,2.834685835,2.32036601,2.671458826,0.950501301,0.945108118,0.951812013,0.946104379,0.891944715,0.890393473,0.892868978,0.8906575,0.553302347,0.440228581,0.541825523,0.483226669,13.97189331,13.94558716,13.92909241,6.757736206,4.854854584,15.180439,kencur
91.25696398,117.4367209,94.91836625,104.3587609,1.070465386,1.342802762,1.077888026,1.22422938,0.976645381,0.973754875,0.977387502,0.974705236,0.952050218,0.951313406,0.952622464,0.951421751,0.590176726,0.473622088,0.573733839,0.532240459,6.07636261,6.073570251,6.070590973,3.321304321,1.767726898,6.526340485,kencur
128.3849758,152.8662497,134.4365827,158.2811417,1.443516084,1.707760004,1.496804672,1.755722443,0.971268461,0.968422562,0.971049461,0.968020275,0.934009937,0.932873595,0.933885983,0.932838565,0.515926119,0.424727722,0.493108614,0.404350188,8.411987305,8.409023285,8.408988953,4.276489258,2.590930939,9.010162354,kencur
94.68261528,125.3433925,103.6379495,113.2203308,1.103198386,1.442319844,1.204393958,1.332141038,0.975847325,0.971944923,0.974731206,0.972740924,0.947972834,0.946507449,0.947382921,0.946677173,0.598616605,0.469660375,0.560652693,0.520954183,6.636051178,6.623447418,6.622756958,3.690361023,1.979858398,7.09488678,kencur
78.04672211,93.91006468,77.31185788,89.17573845,0.863319472,1.039717219,0.85716579,0.992038174,0.983382632,0.981206931,0.983272273,0.981689214,0.96331844,0.962454302,0.963159222,0.962478272,0.514106572,0.416477993,0.518681597,0.445895325,4.641475677,4.63010788,4.629390717,2.329612732,1.469394684,4.972438812,kencur
93.36747798,107.0689833,91.80633867,109.013645,0.986721808,1.139226642,0.96320022,1.150079848,0.981824282,0.979966882,0.982343205,0.980035494,0.955049631,0.954256195,0.95532246,0.95425606,0.458176889,0.379867415,0.467236375,0.368604133,5.686004639,5.671833038,5.674369812,2.998764038,1.971099854,6.189785004,kencur
94.54853382,116.0860138,91.6369175,105.9455425,1.09210647,1.32248268,1.057500612,1.235450232,0.977409619,0.974994997,0.977802346,0.975632464,0.953656919,0.952691584,0.953792601,0.952823282,0.577349539,0.482072635,0.590365034,0.527315187,5.872135162,5.866043091,5.86207962,3.078300476,2.048782349,6.443893433,kencur
102.2243992,123.2881538,99.02244374,112.3511705,1.13428021,1.363383259,1.08673251,1.252660644,0.977101073,0.974368933,0.977918166,0.975443837,0.949066983,0.948011845,0.949381697,0.948269054,0.517091804,0.418710202,0.532217845,0.470276849,6.44562912,6.437217712,6.436103821,3.4438591,2.16557312,6.986816406,kencur
152.9944196,171.3674657,138.8175988,180.3764921,1.642536081,1.860371246,1.501475355,1.972319346,0.969023736,0.965762984,0.969999385,0.964460624,0.931652055,0.930083168,0.931692198,0.929779886,0.523967151,0.467822363,0.568077469,0.439845043,8.629337311,8.625358582,8.620277405,4.76700592,1.817493439,9.130783081,kencur
152.181675,183.2604884,149.7952544,178.2105308,1.72537763,2.09376496,1.726608366,2.042876674,0.964636424,0.959999265,0.964249437,0.960356654,0.921941374,0.919978382,0.921416966,0.920023285,0.530352936,0.435522859,0.537717656,0.451077689,9.97650528,9.985466003,9.98361969,4.58197403,3.747467041,10.93152237,kencur
129.7549535,151.4458125,119.0475706,151.1547597,1.450342466,1.686559105,1.332734528,1.680944849,0.970000629,0.967121146,0.971699111,0.967444375,0.935330179,0.934424348,0.935996709,0.934448641,0.536799175,0.460405481,0.575022522,0.461442489,8.235012054,8.251945496,8.248016357,4.250595093,2.825443268,8.93536377,kencur
155.7885121,182.3310343,142.6348459,186.7627422,1.791302287,2.123421709,1.691780822,2.162254281,0.961822586,0.957356244,0.962567205,0.957158657,0.922176144,0.920408322,0.922121416,0.920346114,0.573910086,0.502266426,0.609886067,0.490168596,9.908607483,9.926834106,9.92288208,4.621952057,2.934387207,10.65061188,kencur
126.984245,151.4111159,124.7228397,147.3904205,1.451015166,1.719823377,1.40398728,1.675506757,0.969802951,0.966958484,0.970928366,0.967267384,0.933926329,0.933044673,0.934562887,0.933085279,0.524849064,0.434536462,0.533310813,0.449552246,8.365634918,8.379482269,8.376865387,4.508880615,2.520462036,8.992767334,kencur
154.0532198,178.613524,142.5954853,176.6408217,1.673724927,1.938878911,1.545292625,1.928699722,0.96632923,0.963032375,0.968022592,0.963386051,0.925691397,0.924433212,0.9262554,0.924448087,0.52529443,0.450668196,0.560600738,0.456735307,9.446151733,9.445053101,9.441440582,4.628036499,2.551616669,10.07951736,kencur
164.410355,198.941395,161.9501208,193.6529731,1.794711656,2.1727475,1.765196918,2.120725641,0.964718673,0.960188883,0.965509123,0.960749164,0.920297947,0.918640819,0.920775917,0.918780134,0.521851171,0.422533998,0.529006184,0.437884668,10.0990715,10.11144638,10.10453033,4.698020935,3.415538788,11.00343704,kencur
126.9904981,149.01016,127.195603,147.1947488,1.415996514,1.64283225,1.383087696,1.621478165,0.971979986,0.969469272,0.972981443,0.969729519,0.935096436,0.934183832,0.935659706,0.934211548,0.503733046,0.418802813,0.502931516,0.425883618,8.246704102,8.25151062,8.249095917,4.555076599,2.574077606,8.916183472,kencur
140.5394676,159.5015644,136.3790056,175.5708043,1.82421875,2.089498738,1.773376345,2.267025632,0.952360844,0.948864102,0.953774636,0.947119245,0.920301801,0.919149666,0.920652457,0.919052416,0.671894752,0.6283278,0.68160782,0.590883091,10.12818527,10.15237808,10.15236664,4.323135376,4.148124695,11.3427124,kencur
73.08840662,85.13693652,69.27474468,86.030438,0.843849376,0.980013097,0.797150196,0.990230583,0.98213223,0.980650991,0.983114808,0.980574851,0.962638726,0.962136671,0.962990507,0.962080647,0.569711726,0.499747409,0.592163631,0.49449732,4.730491638,4.722301483,4.720100403,2.403385162,1.060695648,4.982944489,kencur
66.07627507,80.14507451,65.07872126,78.52816127,0.763652764,0.921404253,0.742799046,0.904063633,0.983502594,0.981718887,0.984017659,0.981747128,0.96498404,0.964339436,0.965162763,0.964328828,0.587549297,0.500698699,0.593776067,0.510772018,4.394283295,4.396083832,4.394165039,2.216732025,1.197292328,4.686145782,kencur
68.72067637,80.03032311,68.2612448,82.47008092,0.815534797,0.951428648,0.802134295,0.967421234,0.982053631,0.980292444,0.982463027,0.980159813,0.963490646,0.962925689,0.963628441,0.9628547,0.599002197,0.533910057,0.601683065,0.519701111,4.630661011,4.621257782,4.617019653,2.048583984,1.309181213,4.966144562,kencur
73.13690986,87.73469005,72.37410561,84.35195944,0.822475844,0.990391428,0.817797517,0.952355421,0.983594095,0.981495257,0.983666612,0.981777607,0.963865333,0.963053524,0.963817186,0.963073733,0.529821434,0.437067092,0.534725308,0.458771738,4.572555542,4.56955719,4.569473267,2.306049347,1.288856506,4.893379211,kencur
72.87279079,86.98728942,77.3030669,95.67187626,0.864565497,1.042428606,0.913886681,1.120254595,0.980822704,0.97845193,0.980455845,0.977751389,0.962096204,0.961152535,0.961966872,0.960956463,0.604140612,0.528379665,0.580074477,0.481294306,4.789115906,4.789691925,4.787971497,2.429672241,1.164749146,5.086860657,kencur
70.71294031,82.48191451,64.85660775,82.09389517,0.797662365,0.934088028,0.733106042,0.929346931,0.983487224,0.981848139,0.984338504,0.981943832,0.964635923,0.96405206,0.964952533,0.964071087,0.564023569,0.492446027,0.600130439,0.494833711,4.47485733,4.46868515,4.468532562,2.474029541,1.153278351,4.767757416,kencur
72.24171355,89.90631929,74.34500367,87.33728042,0.812247737,1.006001049,0.836021588,0.990238242,0.982924837,0.980619763,0.982743001,0.9807597,0.963288432,0.962431938,0.963096981,0.962387008,0.585000675,0.484522505,0.572918126,0.499252078,4.63728714,4.636672974,4.632038116,2.063396454,1.258827209,4.982650757,kencur
75.75605431,85.5179323,72.04233427,89.3826004,0.838834699,0.944650181,0.79692851,0.993324934,0.983168407,0.981840264,0.983887989,0.981366624,0.962422109,0.961855389,0.962613742,0.961830195,0.528872233,0.469191522,0.551967901,0.445203587,4.75925827,4.760097504,4.759731293,2.344528198,0.980247498,5.013725281,kencur
74.60159308,88.68622593,72.89121361,89.13741905,0.845867478,1.00728015,0.823393163,1.006483584,0.982367241,0.980524356,0.982962774,0.980587597,0.962103995,0.961521568,0.962452944,0.961502007,0.543767606,0.458680347,0.554227577,0.455926371,4.798946381,4.794254303,4.794086456,2.614910126,1.46219635,5.167736053,kencur
77.31265289,84.83250294,71.43962512,86.41115039,0.817675208,0.910068512,0.756444166,0.915529582,0.984734935,0.983595337,0.985482204,0.983582142,0.962811544,0.962210531,0.962965904,0.962239773,0.464768628,0.413846843,0.505427286,0.402939123,4.722957611,4.71635437,4.714115143,2.402553558,1.268531799,5.031223297,kencur
80.64457712,88.14744888,70.51197866,96.41956794,0.898498655,1.004032613,0.802447713,1.071020715,0.981567528,0.980076441,0.982759002,0.979678205,0.960857557,0.960267018,0.961132097,0.960134733,0.557459784,0.517222027,0.613062807,0.471916157,4.980026245,4.97044754,4.968200684,2.443157196,1.065841675,5.247341156,kencur
75.26518927,88.27240245,75.67305987,91.19292588,0.838299596,0.978251462,0.821657901,0.99914599,0.983235218,0.981593762,0.983738194,0.981577996,0.962055237,0.961504682,0.962456092,0.961490637,0.509227191,0.425526433,0.506567637,0.406519773,4.791164398,4.791618347,4.794429779,2.551216125,1.384399414,5.147109985,kencur
74.60649309,84.28288801,67.77084607,85.92761976,0.816964286,0.935236921,0.750366928,0.936776437,0.983643551,0.982112462,0.984309317,0.982193637,0.963138811,0.96250683,0.963358399,0.962524694,0.529698763,0.469728868,0.572789024,0.459380934,4.683044434,4.686088562,4.684715271,2.113754272,1.262844086,5.017177582,kencur
179.8975049,206.7560326,166.3556216,204.7958686,1.832604574,2.092233103,1.691314518,2.086496299,0.967205766,0.964391052,0.96910104,0.964319505,0.916201632,0.915022064,0.916946969,0.914879706,0.437347271,0.354587161,0.479701263,0.360706039,10.77596664,10.77150345,10.76804733,5.297317505,4.004711151,11.80342865,kencur
167.9138255,197.9719057,153.2838414,190.3145898,1.731974682,2.026026248,1.581702544,1.959819394,0.967999781,0.964778848,0.969929562,0.96538416,0.91915195,0.917987334,0.919949275,0.918039437,0.447003728,0.349266478,0.495185148,0.37443607,10.40739059,10.39586258,10.37937164,5.473255157,3.365665436,11.24455261,kencur
161.6191827,188.1911145,149.8977342,193.2298819,1.832436399,2.132069041,1.689334638,2.154541381,0.96046275,0.957023811,0.96271096,0.957026899,0.917186734,0.915965302,0.917907768,0.91595366,0.581692437,0.513847698,0.612030238,0.500831099,10.69571686,10.67311096,10.66679764,5.293502808,3.683132172,11.63858414,kencur
167.540729,180.6253576,149.5450862,200.7765595,1.915499633,2.074792912,1.715944533,2.278254143,0.959397872,0.957040088,0.962227608,0.955350684,0.916354275,0.915423978,0.917362437,0.915185771,0.565546898,0.532510352,0.612211747,0.480355558,10.76623535,10.77535248,10.76648712,5.289001465,3.889286041,11.74394608,kencur
163.6211702,179.5746953,148.9189243,194.7007326,2.037808831,2.231517189,1.853557669,2.415309378,0.951627616,0.949241223,0.954260064,0.947400834,0.913226307,0.91243184,0.914092748,0.912211175,0.616776653,0.58020707,0.65121134,0.544846834,11.10661316,11.11543655,11.10505676,4.838218689,3.657886505,12.07535553,kencur
157.6648116,183.2331142,141.6922624,177.8907633,1.913672639,2.223421326,1.735192943,2.164314628,0.956016465,0.952404196,0.958674044,0.952944132,0.918783352,0.917772412,0.919707603,0.917835979,0.601734044,0.538027725,0.642081173,0.551497005,10.44709015,10.43016052,10.41693497,5.102313995,3.659934998,11.3649025,kencur
162.756513,194.3516531,143.4263622,184.3824051,1.732968444,2.058103331,1.532312561,1.952880082,0.965711436,0.962414793,0.968307018,0.963229983,0.918823985,0.917688866,0.919637355,0.917704018,0.51053847,0.416642963,0.568670492,0.446566202,10.42051315,10.43233109,10.42332077,5.186985016,3.283596039,11.20778275,kencur
166.8233397,187.6924338,150.998861,202.6121606,1.785714286,2.014598596,1.625405149,2.15573623,0.964143389,0.961140933,0.966306439,0.959904907,0.917146001,0.915965393,0.917933214,0.915714704,0.529250077,0.471375638,0.573904333,0.429355132,10.69673538,10.67772675,10.6699028,5.512340546,3.7317276,11.59495163,kencur
221.8346533,244.3200279,194.3648407,260.2270978,2.424290607,2.667690458,2.125290484,2.823970496,0.952532059,0.9498717,0.95666937,0.948453853,0.894346403,0.893454459,0.895974437,0.893079142,0.495908508,0.445870231,0.55833022,0.409792219,13.58680725,13.57555389,13.55936813,6.429603577,4.374893188,14.76195908,kencur
220.7256222,253.712999,197.426538,250.5621685,2.337045927,2.682488195,2.092374022,2.645846179,0.955116747,0.951168065,0.958733001,0.951688566,0.893724085,0.892320732,0.895250541,0.892435442,0.473941145,0.396476337,0.52947022,0.403971423,13.67631912,13.65324402,13.63879013,6.995944977,3.909191132,14.62288666,kencur
215.3438188,242.4572286,189.7086136,244.5271579,2.304618701,2.596665914,2.036960311,2.608629716,0.955238749,0.951460417,0.958649883,0.951402363,0.896528648,0.895121248,0.897688206,0.895039961,0.479822913,0.415446014,0.541746429,0.410455504,13.38242722,13.35531235,13.34825516,6.845981598,4.163375854,14.3813858,kencur
225.9812255,251.9242114,205.6097496,263.820114,2.539245964,2.843991866,2.329684442,2.964495387,0.947122773,0.943501799,0.949883179,0.942007315,0.889439687,0.887983102,0.890105628,0.8875121,0.542539107,0.49098786,0.583777726,0.466952223,14.26844788,14.22679138,14.21904373,7.002838135,3.837631226,15.20677567,kencur
224.6407626,255.4047664,206.5219545,261.0355812,2.435321367,2.760015472,2.226577789,2.824728766,0.953105207,0.949436747,0.956297197,0.948593493,0.892726222,0.891429717,0.894155234,0.891152383,0.481263222,0.411347191,0.523102877,0.39836938,13.78446579,13.76524353,13.75629425,6.621780396,4.129867554,14.8522377,kencur
216.3817041,253.570858,202.7730247,252.8861256,2.364099193,2.748763983,2.19587818,2.744413509,0.953252917,0.948969854,0.956058589,0.948836298,0.892543611,0.8910103,0.893723429,0.890809265,0.512949002,0.430327296,0.543580616,0.431865617,13.85163498,13.84500504,13.83779144,6.680290222,5.370567322,15.27087021,kencur
223.1312378,257.3160565,205.2754785,248.2577349,2.312775196,2.658384427,2.114680161,2.585881641,0.957698432,0.953951342,0.960575169,0.954449508,0.895979536,0.894497508,0.89691507,0.894577574,0.44728315,0.363822634,0.491513528,0.386218046,13.4043541,13.40546417,13.39627075,6.646858215,3.846168518,14.35216141,kencur
214.3112922,241.6133134,192.8093888,245.9793812,2.254288466,2.523251673,2.0042426,2.554869199,0.958613748,0.955669146,0.962101448,0.955691939,0.898921314,0.897846611,0.900424868,0.897882499,0.432833725,0.36180351,0.489737654,0.350270995,13.04453278,13.02718735,13.01842499,6.76884079,4.239425659,14.11301804,kencur
228.5545193,256.7631711,204.0270991,266.851766,2.46875,2.781576357,2.210494129,2.86342347,0.952080088,0.947967483,0.955225158,0.947607009,0.891430115,0.889861321,0.89245747,0.889770157,0.493145765,0.431672495,0.547539031,0.409342089,13.9716301,13.96041489,13.94949722,6.787731171,4.285087585,15.04931259,kencur
102.2578966,117.5067421,94.5761757,117.7980094,1.198133256,1.381443852,1.112402153,1.37611299,0.974584554,0.972199997,0.975937197,0.972375018,0.948496068,0.947709927,0.949045431,0.947720776,0.550645942,0.484631422,0.584401892,0.483353963,6.474407196,6.493999481,6.495067596,3.271629333,1.94002533,6.890899658,kencur
94.59000428,109.5882981,91.44269814,113.2166467,1.138492233,1.306941992,1.079164628,1.332845692,0.975445104,0.973763532,0.976777116,0.973472694,0.950931512,0.950343335,0.951452987,0.950364454,0.573567352,0.506902995,0.587756104,0.490577093,6.196128845,6.201892853,6.197547913,3.088096619,1.917304993,6.637451172,kencur
103.8090371,111.4479188,89.16647046,122.9829849,1.308731348,1.41977857,1.145257461,1.543177301,0.968585008,0.966960658,0.970908148,0.965762939,0.944824566,0.944330922,0.945455936,0.944144645,0.628037051,0.601429246,0.680503507,0.560176434,6.996253967,7.003444672,6.997196198,3.080936432,2.57522583,7.694290161,kencur
102.7049979,120.0183823,98.54500978,119.0092179,1.175796539,1.381926387,1.132537304,1.363620697,0.976364045,0.973712845,0.976800757,0.973898199,0.948171769,0.947218199,0.948357301,0.947237554,0.518549255,0.438473523,0.538050053,0.44319507,6.55342865,6.549476624,6.550308228,3.481365204,1.737323761,6.947685242,kencur
93.37480125,106.1220813,89.74078094,113.0728206,1.168075771,1.323225631,1.109642551,1.391638359,0.973062254,0.971390881,0.974466435,0.970836188,0.950900566,0.950402131,0.951570025,0.950383369,0.632608019,0.58325417,0.646906415,0.555958328,6.204853058,6.199382782,6.195785522,3.155269623,1.896099091,6.653678894,kencur
99.30405302,119.7010045,100.9685512,120.4589826,1.181055834,1.412226516,1.180329623,1.409852138,0.974289931,0.971718143,0.975064855,0.971849646,0.947522023,0.946728744,0.947927838,0.946734664,0.570726172,0.483549421,0.563530841,0.48027912,6.669563293,6.661174774,6.666793823,3.402858734,2.530780792,7.317554474,kencur
104.6436904,117.9248701,96.48048404,119.9853478,1.222174658,1.37771378,1.132338552,1.407676901,0.973687066,0.971808938,0.974984997,0.971413618,0.947142772,0.946351357,0.94749722,0.946217441,0.559249984,0.504265874,0.593632691,0.495604011,6.708984375,6.695411682,6.701667786,3.7460289,2.093280792,7.245384216,kencur
99.28307699,112.5971408,93.02589133,113.6771612,1.119924168,1.258504678,1.038359222,1.274290463,0.978145944,0.976538556,0.979280109,0.976440783,0.950749623,0.950115758,0.95131115,0.950156324,0.492898234,0.426005189,0.524857657,0.420499489,6.222770691,6.22580719,6.224384308,3.143939972,1.939857483,6.689022064,kencur
103.0225584,117.9613359,96.49891451,120.679953,1.199211106,1.376266175,1.12047456,1.40051547,0.974325021,0.972135684,0.975364014,0.971746724,0.947544847,0.946832754,0.947980605,0.946674728,0.554503732,0.490885819,0.58271366,0.479152428,6.683452606,6.673660278,6.675544739,3.544528961,2.69045639,7.416362762,kencur
87.64802471,106.9603594,85.09232816,104.8788569,1.029568249,1.253970382,0.986943493,1.209715036,0.977455675,0.974961808,0.978150036,0.97538153,0.955496683,0.954633226,0.955726813,0.954725694,0.610758365,0.525907295,0.622108118,0.535133378,5.596927643,5.598232269,5.595085144,2.716217041,1.549690247,6.027767181,kencur
90.72311491,103.5147231,87.1902596,111.9513635,1.115903253,1.278441795,1.083965264,1.38071622,0.972628043,0.970415654,0.972989926,0.969062828,0.950959785,0.94984292,0.950577917,0.949627457,0.668266295,0.622218142,0.68118436,0.591428225,6.233955383,6.231220245,6.229488373,2.918647766,1.547420502,6.682609558,kencur
81.61733274,95.62937489,83.95849132,98.3957782,0.914528804,1.080035692,0.948561338,1.103243324,0.981127184,0.978979751,0.980730796,0.978890852,0.958725442,0.957710132,0.958353356,0.957681619,0.548218513,0.471678956,0.535259353,0.456395482,5.219501495,5.221252441,5.218208313,2.656837463,1.397197723,5.574550629,kencur
87.36076627,101.5073625,82.10018652,103.1181942,1.019707069,1.18377304,0.958873532,1.194955595,0.977751065,0.975617283,0.978772687,0.975700462,0.954788439,0.954091041,0.95516394,0.954040202,0.594837519,0.530135024,0.619235079,0.522678684,5.73235321,5.724338531,5.722606659,2.891765594,1.408222198,6.097702026,kencur
88.49386161,105.330456,80.62074211,104.8041176,1.071527948,1.263950429,0.992921355,1.281306368,0.975327029,0.972822404,0.975823237,0.972173935,0.953943916,0.952938558,0.953786508,0.952792193,0.639301199,0.571500223,0.67139184,0.573641445,5.845523834,5.849906921,5.845012665,2.578132629,1.757709503,6.354473114,kencur
92.01570909,114.4368243,87.65264952,104.9944662,1.117607938,1.373960731,1.062071918,1.266064392,0.975009845,0.972168676,0.975907085,0.973239146,0.95401482,0.953137069,0.954378755,0.953235803,0.625855293,0.535583292,0.643595912,0.573903028,5.768184662,5.772125244,5.764190674,2.925304413,1.396751404,6.15303421,kencur
84.30477159,104.5804129,84.00864573,101.2316206,0.976837696,1.201481306,0.958200832,1.155563896,0.979100543,0.976460689,0.979392472,0.977100088,0.956291155,0.955506355,0.956528521,0.955584426,0.577625712,0.477053334,0.579109328,0.493798724,5.529964447,5.523048401,5.518665314,3.165691376,1.837070465,5.994972229,kencur
129.9022979,154.7699879,118.515067,156.6642668,1.628967405,1.942195381,1.509410164,1.962262706,0.960225274,0.956294447,0.961556711,0.956068685,0.929308459,0.928044042,0.92949514,0.927945987,0.663561014,0.599917046,0.693053243,0.595020304,9.027389526,9.039684296,9.0338974,4.155635834,2.43415451,9.638877869,kencur
141.0629204,166.8650013,139.8126529,168.9843942,1.612035225,1.895818414,1.594697896,1.934811831,0.964895382,0.961292793,0.965136089,0.961068649,0.926923327,0.925592204,0.926677382,0.925536333,0.595471455,0.522392767,0.599056868,0.516326561,9.421596527,9.418556213,9.42029953,4.303024292,2.864906311,10.17817307,kencur
138.5621713,164.9391508,121.4699731,156.4213296,1.524698814,1.787722933,1.337183525,1.732553108,0.969557546,0.966768263,0.972035875,0.96696836,0.932264984,0.931328705,0.932986028,0.931295382,0.531103162,0.442914889,0.588943463,0.471683992,8.677837372,8.667488098,8.668136597,4.199451447,2.062702179,9.168136597,kencur
142.3980247,168.4267753,127.3593215,162.4453185,1.607181079,1.909168546,1.4581091,1.837447007,0.967355286,0.963673292,0.969293584,0.964301304,0.930777925,0.929313791,0.931129422,0.92935013,0.528776485,0.443711096,0.578542559,0.463466969,8.79001236,8.789493561,8.789611816,4.259365082,2.138942719,9.293144226,kencur
128.9019157,148.9095094,122.9943967,155.2023238,1.572743395,1.813167076,1.49280669,1.884796703,0.964304065,0.961328412,0.965555029,0.960527051,0.933262103,0.93230673,0.933684671,0.932046686,0.617446922,0.558912462,0.634979164,0.540272403,8.524932861,8.52399826,8.525722504,3.887992859,2.61447525,9.16028595,kencur
134.3424352,162.8968792,125.132522,157.3506535,1.518178205,1.832552725,1.422004954,1.768337284,0.9686265,0.964783059,0.969685841,0.965644569,0.931049699,0.929762581,0.931235315,0.929908512,0.552099704,0.457940716,0.582805734,0.47639646,8.808685303,8.834785461,8.832893372,4.241958618,2.168514252,9.335323334,kencur
140.4090784,162.5655692,128.6145731,155.9272291,1.497653192,1.726601844,1.358687011,1.663512318,0.971979389,0.969252499,0.974121807,0.96996182,0.932915574,0.931983072,0.933818679,0.932061119,0.469955555,0.387496429,0.514479827,0.412507918,8.562358856,8.546657562,8.546649933,4.589641571,2.545009613,9.167888641,kencur
131.9676798,157.2206602,129.7480813,156.8150704,1.457291157,1.730331915,1.426415729,1.726088672,0.970851475,0.967731093,0.971247108,0.967747733,0.933257752,0.932076226,0.933455285,0.932048055,0.533970679,0.445859472,0.541808947,0.447289015,8.550880432,8.553779602,8.543994904,4.050117493,2.592414856,9.157260895,kencur
84.38797242,99.57022223,82.38208629,101.1115766,0.903780883,1.069006323,0.8842267,1.08691373,0.98230181,0.980426809,0.982671484,0.980199438,0.959284885,0.958471645,0.959306908,0.958428019,0.51541673,0.429340858,0.526935182,0.420507013,5.16229248,5.158760071,5.153209686,2.611763,1.515144348,5.525623322,kencur
70.872378,82.79508733,69.09396404,80.38303315,0.76693218,0.904469575,0.750267551,0.888392737,0.984471127,0.982793428,0.98459704,0.982739444,0.965310734,0.964747666,0.965554674,0.964744651,0.524187427,0.445217955,0.536127081,0.461380319,4.354862213,4.371646881,4.375061035,1.956447601,1.039173126,4.601387024,kencur
78.53416249,92.93928868,79.48926737,90.76520081,0.828912365,0.983773806,0.839301003,0.964977922,0.984108263,0.982241592,0.984085803,0.982590953,0.962182646,0.961408252,0.962087206,0.961452371,0.483182479,0.389569564,0.476897126,0.403849094,4.805400848,4.800128937,4.797897339,2.584220886,1.484973907,5.165668488,kencur
76.26714622,90.80901957,75.59843597,89.00981537,0.787273728,0.939595054,0.785637842,0.932349371,0.985604415,0.983760241,0.985454647,0.983634531,0.963225947,0.962352345,0.9630381,0.962334163,0.476611594,0.378024579,0.482496864,0.390347813,4.67414093,4.670257568,4.667339325,2.419433594,1.229007721,4.962924957,kencur
76.96031067,91.36540531,79.73076688,91.18646911,0.814556323,0.971917234,0.845087757,0.968845861,0.984416994,0.98254872,0.984264684,0.982612329,0.962311567,0.961515754,0.96221583,0.961560017,0.487100646,0.392277177,0.468637035,0.393467382,4.7681427,4.767837524,4.77035141,2.331890106,1.389385223,5.119335175,kencur
86.81074945,97.90035271,84.9113029,100.6293711,0.88569441,1.023065935,0.883057118,1.042528177,0.983683507,0.981950333,0.983623805,0.981761358,0.96037061,0.959508695,0.960199251,0.959501283,0.447713523,0.378367406,0.459797726,0.361039105,5.010585785,5.008041382,5.002758026,2.693157196,1.291435242,5.323032379,kencur
101.1812699,113.5351044,89.96001254,109.2995508,1.02428602,1.160488816,0.909911632,1.119036768,0.981705169,0.980078245,0.982930653,0.980240024,0.953138821,0.952437736,0.953568911,0.952463038,0.429025184,0.360551271,0.492347727,0.384406619,5.911205292,5.907516479,5.903091431,2.853847504,1.794075012,6.353633881,kencur
97.72064579,112.8506171,94.34821429,111.6447394,1.064418726,1.224145128,1.011573508,1.221280556,0.979950167,0.978162726,0.980968629,0.977983108,0.952648746,0.95188457,0.95324026,0.951874035,0.458291912,0.375628819,0.476986768,0.382300606,5.956047058,5.950714111,5.946990967,2.913440704,2.250686646,6.547885895,kencur
97.68431996,115.2626484,92.97826718,113.183099,1.010266328,1.192473987,0.952651052,1.17382363,0.981531606,0.979388056,0.982283456,0.979462582,0.953084693,0.952229827,0.953328646,0.952191076,0.460835396,0.365043066,0.486810262,0.376498852,5.960914612,5.953655243,5.949375153,3.05524826,1.899208069,6.4127388,kencur
100.6039475,111.5004615,92.36542931,109.8742575,1.045835372,1.172460277,0.958139677,1.157785088,0.981432652,0.979718718,0.982456366,0.979846847,0.953107336,0.952337746,0.95353174,0.952408194,0.421628809,0.360224848,0.468991976,0.369555794,5.925216675,5.927890778,5.92470932,2.971424103,2.076541901,6.473171234,kencur
93.90174749,108.4219423,89.53193799,104.6195825,0.97967374,1.13261668,0.931369251,1.095599358,0.981959324,0.980195868,0.982722944,0.980652725,0.956754525,0.956017427,0.957111252,0.956157338,0.436552052,0.350684272,0.462772653,0.373455788,5.44355011,5.441829681,5.441043854,3.100330353,1.774059296,5.889011383,kencur
98.66495689,119.072116,99.26661876,116.2256655,1.008829195,1.22026953,1.002904843,1.196456815,0.981294781,0.978943941,0.981718475,0.979153531,0.951619669,0.950694909,0.951833642,0.950720647,0.471306732,0.363189413,0.469126173,0.378412538,6.144527435,6.130302429,6.124137878,3.320407867,2.01026535,6.658420563,kencur
95.97900104,109.6134666,91.7525532,105.9113438,1.018919704,1.168454471,0.972579807,1.126435637,0.981274829,0.979531461,0.982129816,0.979903646,0.954054865,0.953370429,0.9544627,0.953430597,0.423058446,0.342374416,0.448464142,0.364585287,5.791801453,5.783870697,5.780204773,3.199306488,2.247642517,6.352275848,kencur
182.6514876,209.2925579,170.7257598,207.2454073,1.887399095,2.172448788,1.761000183,2.165180127,0.965029476,0.961351339,0.966528345,0.961348416,0.914823373,0.913210675,0.915599456,0.913177442,0.451315844,0.372492054,0.487140671,0.378629889,10.83224869,10.8254776,10.82364273,5.928367615,3.290584564,11.73516846,kencur
148.6118135,167.711176,142.8785623,170.4895049,1.584928449,1.79921186,1.504219667,1.819708105,0.96910187,0.966637674,0.971010293,0.966542081,0.925452943,0.924523513,0.926403252,0.924450327,0.483868192,0.418654203,0.503779889,0.40902354,9.468898773,9.463371277,9.4623909,5.460407257,2.934848785,10.25653458,kencur
172.7455204,193.7113905,166.541073,194.0796949,1.770127507,2.002336082,1.693546661,1.996951605,0.968194935,0.964898148,0.969194832,0.965256685,0.921777905,0.9203349,0.92224837,0.920449345,0.423110601,0.35433733,0.443830559,0.353109728,9.979782104,9.976913452,9.968940735,4.931999207,3.179214478,10.81204987,kencur
181.5130642,209.5565351,171.1245719,205.8161619,1.864297945,2.16814427,1.744251468,2.132750717,0.965927215,0.962123441,0.967485655,0.962501994,0.917985149,0.916341726,0.918534544,0.91645587,0.433671237,0.34742908,0.466083791,0.359076815,10.4639473,10.44993591,10.44861984,5.529781342,3.532112122,11.41860199,kencur
173.420522,202.7094642,167.9578874,198.2640921,1.790430834,2.100060891,1.726486057,2.061810425,0.967326017,0.963505714,0.968231476,0.963919323,0.919404671,0.91766979,0.919845351,0.91775935,0.430420672,0.335504023,0.448362053,0.350076268,10.23324203,10.22287369,10.2157135,5.577392578,2.98866272,10.9757843,kencur
156.4040943,172.5712601,151.219545,178.1872389,1.653788527,1.840832411,1.575388332,1.88118918,0.969183854,0.966711983,0.970910286,0.966361243,0.926793567,0.925671013,0.927730797,0.925624491,0.447350464,0.391395918,0.465669925,0.371590143,9.256027222,9.244792938,9.241958618,4.881233215,2.994514465,10.06168747,kencur
170.1661265,191.6288234,160.1399599,190.7606589,1.777519569,2.015042835,1.673312133,2.017823155,0.967083509,0.964021722,0.968398557,0.96399366,0.920747721,0.919475504,0.921508728,0.919404796,0.447603561,0.379124194,0.480150689,0.38193704,10.05299759,10.05487823,10.05490494,4.680740356,2.886207581,10.7910347,kencur
178.6182806,202.9781519,172.0122233,200.0061044,1.811009357,2.084359358,1.745749755,2.052933314,0.96766399,0.9641833,0.968597571,0.964460713,0.91902804,0.917262657,0.919366183,0.917444592,0.398989771,0.318337371,0.421217664,0.328318414,10.33979034,10.33095551,10.3170929,5.801738739,3.011211395,11.05473709,kencur
177.7523315,205.8170427,171.7052501,202.4096721,1.815083782,2.117539378,1.752675514,2.084106602,0.967216556,0.963300677,0.967909333,0.963638877,0.918871601,0.917025062,0.91889165,0.917066029,0.422470432,0.332570871,0.442117816,0.343620385,10.38261032,10.36851501,10.36236191,5.824630737,2.926181793,11.08854294,kencur
163.8663696,182.6030538,155.5060008,187.430785,1.728481226,1.952971994,1.646465264,1.992922821,0.967507961,0.964486444,0.968293225,0.963973586,0.922087798,0.920725361,0.922407789,0.920584345,0.45831873,0.397540052,0.485955,0.381611979,9.912601471,9.900524139,9.897438049,5.348209381,3.115036011,10.70483398,kencur
98.56095585,122.360063,101.5871835,114.4375673,1.051285775,1.315152745,1.084286326,1.2270097,0.980227911,0.977212156,0.980021591,0.978122681,0.951681498,0.950415326,0.951415227,0.950528372,0.508410663,0.390887124,0.493316844,0.430325597,6.103988647,6.100837708,6.098510742,3.157737732,1.73154068,6.569503784,kencur
150.2382736,168.8154917,143.3625703,167.2008303,1.508959149,1.697190192,1.430505443,1.686673994,0.973079747,0.970999705,0.974445148,0.971013758,0.928945966,0.927906482,0.929563727,0.927925414,0.414050063,0.342866312,0.440866252,0.349151567,9.101444244,9.096153259,9.088245392,4.732944489,2.937271118,9.819545746,kencur
158.2468352,172.3702345,149.1789307,176.722845,1.568516084,1.718911922,1.467825037,1.75789768,0.97346571,0.971747272,0.97514377,0.971579038,0.928824945,0.927894502,0.929542301,0.927971655,0.364487138,0.309104034,0.400903474,0.29165786,9.103412628,9.093006134,9.086074829,4.928455353,3.255592346,9.887542725,kencur
152.4135733,171.7689653,142.4917671,173.9059823,1.540950648,1.734582818,1.426958476,1.746538961,0.97341195,0.971449683,0.975098317,0.97142355,0.930056146,0.929116409,0.930714296,0.929158556,0.387616511,0.311179916,0.427481401,0.302610148,8.958992004,8.945549011,8.939693451,4.942405701,3.197364807,9.722690582,kencur
156.6970401,174.5770428,144.988954,174.4542415,1.574302838,1.757200685,1.44678021,1.758372555,0.971966647,0.970132904,0.974077814,0.969975322,0.927415,0.926475769,0.928150503,0.926360835,0.420729003,0.355874687,0.464010961,0.356327778,9.30059433,9.296134949,9.284637451,4.720912933,2.920009613,10.04176712,kencur
145.7428831,167.8483691,140.8010412,167.873124,1.46988136,1.678938117,1.398506299,1.683158383,0.97350536,0.971473389,0.975086059,0.971363673,0.930244852,0.92935636,0.930960148,0.929253627,0.426450232,0.340731488,0.445898127,0.340634257,8.954029083,8.941104889,8.944831848,5.120540619,2.870708466,9.62518692,kencur
154.0316399,170.630474,141.8843184,167.0904983,1.570350722,1.749901387,1.443393774,1.707683411,0.972331019,0.970218682,0.973889633,0.970728384,0.930599101,0.929706463,0.931180692,0.929752598,0.394013037,0.330004322,0.441802689,0.343904351,8.866161346,8.870944977,8.865837097,4.550567627,2.482128143,9.446647644,kencur
156.1378501,175.9526809,145.2664659,177.3205449,1.55134693,1.75650369,1.441207498,1.763657461,0.973126028,0.970747826,0.974353819,0.970743974,0.929277407,0.928148442,0.92985513,0.928222409,0.411363909,0.337941696,0.452348777,0.332794825,9.082733154,9.070095062,9.069213867,4.951183319,3.243980408,9.882797241,kencur
146.9291142,169.2867828,141.5556278,167.3580601,1.490070022,1.716376699,1.418465631,1.691438069,0.973866548,0.971449412,0.975155484,0.971769191,0.931168459,0.930190257,0.931781508,0.930195984,0.403344106,0.313879253,0.425164985,0.321696382,8.802814484,8.797145844,8.795566559,4.592292786,2.828262329,9.486263275,kencur
155.0572483,176.1283926,148.637445,177.6875931,1.597862647,1.832636977,1.537969362,1.844838217,0.971153769,0.968185442,0.972004452,0.968096774,0.928678162,0.927220625,0.928812491,0.92721771,0.436201269,0.36081794,0.459544112,0.355159494,9.073627472,9.081336975,9.071220398,4.273338318,2.870697021,9.867099762,kencur
153.1485751,176.8580084,147.1842665,181.240873,1.537258439,1.800544575,1.491614176,1.842387246,0.972748391,0.969199582,0.972930843,0.9689065,0.930115115,0.928371854,0.92997795,0.928267907,0.429647696,0.342618607,0.451859833,0.326327494,8.921791077,8.918376923,8.916469574,4.529338837,2.191501617,9.40920639,kencur
143.7299872,163.382026,131.9995643,155.3633833,1.497951321,1.695964706,1.352082314,1.616744728,0.973471156,0.971258903,0.97543184,0.972137852,0.935349943,0.934661173,0.936296457,0.934654682,0.406977577,0.327193819,0.45537669,0.36021454,8.201290131,8.18730545,8.183521271,4.658985138,2.721065521,8.873119354,kencur
155.0399645,177.3897312,147.710326,179.5325692,1.589002874,1.835248793,1.520624388,1.844937787,0.972223567,0.969062746,0.973011529,0.968989341,0.928788855,0.927181136,0.928933886,0.92718783,0.413116805,0.329808535,0.440862179,0.321712736,9.051589966,9.039703369,9.031719208,4.62474823,2.66317749,9.673675537,kencur
158.1456473,181.459063,148.7465065,182.0971887,1.647566047,1.892348758,1.548036937,1.906395885,0.969885533,0.966998078,0.971158502,0.966876473,0.928753891,0.927595437,0.929211777,0.927539725,0.464943509,0.387247055,0.49674376,0.385092226,9.072376251,9.055500031,9.050815582,4.783336639,2.834777832,9.779754639,kencur
139.2131696,157.6542752,127.5433127,153.2819115,1.436169887,1.612800196,1.289138943,1.580853321,0.974736881,0.972762608,0.976977151,0.972801143,0.936163694,0.935378222,0.937214819,0.935283911,0.399002196,0.32070368,0.449382188,0.339543199,8.08618927,8.069595337,8.065177917,4.678153992,2.69758606,8.747207642,kencur
814.7451,987.8426323,787.8674856,955.201083,8.949035286,10.73209738,8.613678755,10.30410423,0.823366969,0.804823418,0.829484899,0.809511114,0.61201418,0.604338391,0.615875604,0.605881238,0.459952339,0.345106375,0.476757222,0.366746201,54.96105576,55.01253891,54.98205948,29.88040161,17.54983521,58.23739624,kunyit
790.0733244,968.8690377,839.8893713,1012.080897,8.722266389,10.54064591,9.229299168,11.02957633,0.823740119,0.803510957,0.817548488,0.798043975,0.608872057,0.598956922,0.605222014,0.597070961,0.483496546,0.367723913,0.452262779,0.339524203,55.88119125,56.01974869,56.06488037,28.96604538,18.31365967,59.39274216,kunyit
814.7170338,1000.915101,787.154358,954.446521,9.05845233,10.97942333,8.729784583,10.44953872,0.818795988,0.799214544,0.824096421,0.803854731,0.61051537,0.602314558,0.613736218,0.603850418,0.466833703,0.344634068,0.483913283,0.375060149,54.98430634,54.983181,54.94959641,28.59696579,17.44100952,58.38682175,kunyit
767.1552257,979.8791901,840.8265197,962.1731764,8.361782962,10.60435584,9.12466365,10.34318956,0.834621579,0.809301651,0.825728673,0.812686655,0.618718658,0.607169398,0.614193456,0.608051193,0.480253353,0.33730966,0.431489499,0.349284202,54.94627762,55.00039291,54.99297333,28.4634285,18.21940613,58.60224152,kunyit
846.644944,968.3376557,764.0298702,990.0668234,9.27253547,10.47275784,8.39269279,10.7519311,0.820876693,0.808987173,0.831907207,0.805491467,0.61114299,0.605903486,0.617393176,0.604462939,0.440711647,0.360153967,0.494260982,0.34579604,54.91506195,55.04258347,55.0628624,28.90955734,17.00669479,58.28956604,kunyit
878.7349598,1066.285615,877.1847595,1058.864189,9.45750902,11.3936068,9.468226364,11.2890499,0.812842078,0.791301888,0.812874567,0.792087761,0.584387819,0.573753079,0.584830214,0.574321175,0.447534799,0.330338921,0.448723029,0.334999811,60.92412567,60.96886444,60.97988129,28.90535355,25.5670166,67.19641113,kunyit
874.6450893,1054.767112,878.7621965,1069.316765,9.32262873,11.14427794,9.359730461,11.30903681,0.824387035,0.803233185,0.823640867,0.801157448,0.600950146,0.589471833,0.599825732,0.588807907,0.436941528,0.32151042,0.433723746,0.312151209,57.72676849,57.78158951,57.77519989,30.42602539,20.70040512,62.12779236,kunyit
893.2905187,1080.198778,872.5309824,1064.762309,9.537315772,11.4482826,9.333995841,11.27793245,0.821025768,0.798431887,0.821870403,0.800499015,0.595994004,0.58418709,0.595701368,0.585127197,0.436265876,0.318870475,0.449407841,0.328604085,58.63105774,58.76053238,58.73206711,31.92037964,20.99917984,63.30511856,kunyit
395.9074196,512.4728612,444.8541463,514.8512069,4.38371453,5.610632619,4.942170682,5.662999146,0.91118744,0.896813146,0.903602658,0.896207502,0.788025609,0.78201662,0.784184674,0.781951814,0.523594413,0.384473481,0.465945041,0.381616871,28.38808823,28.38029099,28.36344528,15.80492783,11.45739746,31.13194656,kunyit
424.5329623,547.5103113,462.2904461,534.3780163,4.827719851,6.150183248,5.241667686,6.009918773,0.900252624,0.885282012,0.895034611,0.886099171,0.773892362,0.767867625,0.771321671,0.767993218,0.529707484,0.394592894,0.487880197,0.409113871,30.04785156,30.04217911,30.0343399,16.67309189,12.37773895,32.95280838,kunyit
395.1678961,519.6814619,449.6032825,508.9961474,4.620570114,5.987128573,5.230545193,5.876811899,0.900127043,0.88483354,0.893234666,0.885863437,0.78436662,0.778756714,0.781363343,0.779005193,0.561628677,0.424561324,0.502236155,0.436393078,28.62057877,28.58285522,28.56393814,15.45591354,12.14957428,31.50414276,kunyit
530.9913008,629.9713849,500.3263974,631.0549515,5.806873777,6.835359852,5.494809503,6.835428786,0.886271348,0.874195892,0.890261225,0.874195348,0.738636043,0.73325623,0.73969788,0.733182765,0.475038855,0.378327531,0.505355515,0.377258239,35.11278534,35.10969925,35.0958519,18.11977005,10.69080353,37.26773453,kunyit
514.93419,611.7196319,493.8713384,621.0058862,5.711411448,6.715354184,5.48188295,6.823878585,0.885099726,0.874174645,0.88903508,0.873021775,0.742363373,0.737663361,0.743885577,0.737355526,0.494256656,0.400300379,0.514943566,0.391196595,34.55021286,34.501091,34.47576523,19.36057663,11.41986465,36.72296524,kunyit
530.9741545,635.175478,509.8960066,629.5655807,5.81080296,6.882786141,5.584775563,6.833376098,0.885533371,0.873442944,0.889188676,0.873320252,0.73920744,0.733940283,0.740492177,0.733851302,0.479768587,0.378818486,0.500420279,0.384304788,35.02444839,35.01593018,34.99199295,17.81620789,11.77612686,37.60930634,kunyit
498.6992493,648.5171779,536.2650823,634.8494453,5.539811644,7.0756699,5.921997309,6.949015973,0.88639215,0.868768154,0.881712238,0.869632725,0.73801484,0.730799952,0.735834086,0.730981394,0.529339079,0.38906461,0.493885306,0.401940293,35.39184952,35.38280106,35.3946228,18.05249023,11.54515076,37.83296967,kunyit
712.9572759,854.7903003,705.7759983,861.7757208,8.239596074,9.756618579,8.098091977,9.83795252,0.829849737,0.812145069,0.832281722,0.811548543,0.644905355,0.637225134,0.646127073,0.637149977,0.491999048,0.391693646,0.496852157,0.386722514,48.87251663,48.91324234,48.9287796,25.25230026,15.74100876,52.23960114,kunyit
757.2174887,918.4263005,729.6915591,900.6212292,8.579837329,10.28973541,8.29240307,10.12863768,0.824066447,0.805164466,0.827473694,0.805409678,0.631308695,0.623048003,0.633133733,0.623049889,0.497723607,0.390534701,0.51492621,0.4023501,51.29740143,51.26113129,51.22832489,29.30498886,18.11314774,55.40479279,kunyit
737.6365926,914.9658434,771.8877546,921.8338548,8.049531403,9.867287579,8.366893193,9.921109371,0.840228638,0.819649357,0.837478019,0.819403854,0.637045503,0.628194141,0.636060008,0.627981697,0.477785419,0.353210313,0.454806506,0.348355313,51.31961441,51.30865479,51.28554153,28.13646317,17.79640198,55.02988052,kunyit
777.802012,908.5716277,740.3991714,930.234152,8.412258439,9.779573454,8.059297028,9.980644988,0.838758986,0.822363329,0.842231159,0.820798747,0.63536514,0.627538368,0.636868335,0.626984793,0.440171464,0.345902174,0.466017936,0.330306914,51.3555603,51.41791153,51.43664551,28.5343399,18.28789139,55.29263306,kunyit
367.4326917,489.3166463,432.7832528,498.4541573,4.079753241,5.399328281,4.828621881,5.489041479,0.916006975,0.899131437,0.905202927,0.898404175,0.794576366,0.787262346,0.788668202,0.786878168,0.562759068,0.418800184,0.486980298,0.407946844,27.63416672,27.65936279,27.6414566,14.60608292,11.24033356,30.21364212,kunyit
372.6156854,486.6717843,429.5398957,498.3582209,4.012746912,5.256991969,4.687691108,5.361954803,0.919688122,0.902874368,0.908805746,0.901993067,0.79497902,0.787208039,0.788821681,0.787100837,0.525554671,0.381485642,0.454848354,0.366633273,27.59579468,27.66464996,27.64590454,13.97221756,9.599304199,29.50315094,kunyit
378.41532,498.6121185,434.8985445,500.4690507,4.046810023,5.351101597,4.721173251,5.354732097,0.918801701,0.902129415,0.908746944,0.902020992,0.796471414,0.78922433,0.791004168,0.78917822,0.528066447,0.379324775,0.459697604,0.377013255,27.46701431,27.43898392,27.46156693,14.3861084,10.0819931,29.58098984,kunyit
267.1551722,368.7840809,318.1151923,359.433213,3.012613136,4.129809552,3.595462329,4.026516443,0.935961911,0.921468002,0.927448314,0.922609822,0.848268272,0.842395521,0.844222379,0.842695715,0.580526625,0.4220422,0.50051181,0.436696865,19.94738388,19.99534988,19.99030304,9.679763794,6.701084137,21.40061951,kunyit
685.9243365,846.7035014,684.6476157,841.1263629,8.378134173,10.18168971,8.319895884,10.12860321,0.809973485,0.789180897,0.811188065,0.789591389,0.637047111,0.629738334,0.638655844,0.630084642,0.557539885,0.453579887,0.55740408,0.457179093,49.17409515,49.22452927,49.21060944,27.34397888,13.47719193,51.71734238,kunyit
641.6186552,792.5440351,646.0487593,791.0826207,7.721096808,9.346398796,7.667980216,9.33340099,0.826685895,0.80933222,0.830097065,0.80929628,0.657466824,0.651813182,0.660389077,0.651824355,0.559189555,0.454199886,0.554308687,0.455206316,46.38214874,46.3932991,46.39155579,25.8856926,12.4819603,48.72254944,kunyit
907.087367,1097.188231,884.2881834,1104.101616,10.22231226,12.15450308,9.945580051,12.27650783,0.790917573,0.770505832,0.795016352,0.768184481,0.56859265,0.558698985,0.570141386,0.557846715,0.48741244,0.379705918,0.500075417,0.375797444,62.58906174,62.69537735,62.68447113,33.21644974,19.71477509,66.22921753,kunyit
355.4516573,448.2087461,382.1191827,455.8283325,4.028589775,5.049842793,4.373150073,5.137763719,0.916297701,0.903834266,0.910862981,0.902907512,0.811965079,0.806694715,0.808976105,0.806435673,0.536095491,0.416125088,0.501291362,0.406199165,24.86281967,24.86579895,24.85276413,12.5699234,8.113918304,26.56490707,kunyit
337.161322,460.6494499,390.3776526,435.616672,3.906314977,5.239030947,4.492302165,4.979856082,0.915321639,0.899950395,0.907813289,0.902303496,0.812548775,0.80674627,0.809128469,0.807368402,0.576400119,0.422326755,0.510309166,0.453718882,24.90938187,24.8785553,24.86463928,12.72825241,8.872787476,26.88518906,kunyit
452.2208216,575.4158647,488.9983182,580.6851613,4.991499511,6.267500507,5.359115093,6.326798687,0.898725169,0.883431996,0.894109563,0.882597367,0.761438518,0.754840426,0.7591728,0.754496098,0.534990618,0.40940133,0.497173074,0.403992999,32.0268364,32.03129578,32.01088333,17.1606369,10.83542252,34.34889984,kunyit
1138.253016,1455.641293,1183.810058,1411.571616,13.65272214,17.16117049,14.14858656,16.70031135,0.691503454,0.653286593,0.686037185,0.657369832,0.458652015,0.439329048,0.45527544,0.441135624,0.536736439,0.407696043,0.51830115,0.425628101,83.21204376,83.29661942,83.29953766,44.35333633,28.63432693,89.02777863,kunyit
1168.95598,1414.561318,1182.004361,1461.30888,13.36380489,15.997235,13.5730377,16.52948633,0.724144596,0.693456749,0.719729062,0.688394508,0.483367684,0.466783204,0.481152008,0.464704099,0.479009267,0.369440051,0.472569812,0.34860169,81.98723984,82.17136002,82.17090607,43.54701614,26.56277084,87.63669968,kunyit
224.0582039,303.3867671,264.6319181,305.3835731,2.640066964,3.509070508,3.098535347,3.570513287,0.94119978,0.929792025,0.934391656,0.929036996,0.872006314,0.867653577,0.86888812,0.867485819,0.613687008,0.477895371,0.543731288,0.474459026,16.72895813,16.76971436,16.75899506,8.409275055,6.76902771,18.39616013,kunyit
246.5029966,313.582592,262.0825052,303.8583415,2.802898728,3.58739435,3.040178571,3.466722324,0.941192008,0.930518022,0.936377065,0.932214498,0.867716392,0.863183741,0.86474694,0.86361713,0.548859146,0.427173885,0.520346093,0.444937322,17.33635712,17.34910583,17.33727264,9.213291168,6.695209503,18.84452438,kunyit
273.8889585,311.7233313,242.5473337,316.5119695,3.062629954,3.456688662,2.687293603,3.507308872,0.93936715,0.93488919,0.945237497,0.934358853,0.867289608,0.8658582,0.869945868,0.86563061,0.476330522,0.405119527,0.536394363,0.395981079,17.04983902,17.05341339,17.04620743,8.944221497,5.941558838,18.44667435,kunyit
238.4193256,313.7811168,262.3393622,297.4566772,2.698993242,3.539849342,2.997416218,3.362452656,0.943993662,0.933029052,0.938724115,0.934973695,0.871695702,0.867296067,0.868795009,0.867709221,0.552102198,0.411640123,0.507215224,0.442249503,16.87381744,16.84860992,16.82619095,9.105068207,6.835830688,18.58470154,kunyit
549.7731355,694.830569,607.5648239,703.7585832,5.933368242,7.423091211,6.546523361,7.5272345,0.883820867,0.8662374,0.87569302,0.865097596,0.715791557,0.707673729,0.711621728,0.707409101,0.496610413,0.364955938,0.444851855,0.356796133,38.89560318,38.95502853,39.01694489,21.29190826,14.15982819,41.73542023,kunyit
695.6226188,926.7843069,768.3188524,856.4645777,8.391599651,10.86083846,9.120306385,10.19395989,0.811451971,0.785070607,0.80342546,0.790403548,0.625480629,0.615336218,0.621976843,0.617156769,0.56946155,0.427373892,0.525503885,0.470821879,51.65348434,51.80503464,51.78679657,27.23090363,18.29515076,55.08714676,kunyit
727.2774584,926.8187545,798.2220753,926.7122828,8.095034247,10.1154101,8.756184259,10.09711973,0.839077228,0.817095148,0.83211811,0.817669755,0.635157971,0.625401768,0.631629958,0.62567948,0.492646128,0.354248553,0.443713711,0.354322736,51.56399918,51.85789871,51.89952087,27.25177002,19.12169266,55.24325562,kunyit
725.4650578,925.8096668,757.1314442,878.6633247,8.592167625,10.73604191,8.868915117,10.28717721,0.815480849,0.792116382,0.812407418,0.796051748,0.625078397,0.616299883,0.624754196,0.617607905,0.536246878,0.408054389,0.515063083,0.43819889,51.86217117,52.06089783,52.01326752,26.30687714,19.42814255,55.6882782,kunyit
530.0979314,641.3120048,542.9283192,651.5041073,5.774530638,6.944849323,5.93744649,7.050570425,0.888323861,0.87451059,0.884862263,0.873252981,0.735998023,0.729732718,0.73378025,0.729291233,0.477425997,0.368953199,0.465267342,0.358924237,35.67766953,35.7961998,35.82162476,18.10547256,13.31626129,38.34539413,kunyit
511.5004204,638.9692212,551.4096441,656.6326722,5.621384234,6.959792587,6.054588124,7.111117068,0.888602114,0.872578222,0.88216801,0.871316177,0.735208627,0.727781686,0.731593275,0.727323542,0.504626569,0.382313393,0.465975635,0.365238272,35.8968544,35.96632385,35.96706772,18.93412018,12.47663116,38.37517929,kunyit
280.0616706,353.7651472,314.9320649,363.4279855,2.965657871,3.748633775,3.385648545,3.862113733,0.944062181,0.934049196,0.937626831,0.932997007,0.851321951,0.846639503,0.847725327,0.846310247,0.490015826,0.357025873,0.427399568,0.339463501,19.64900589,19.66259384,19.66340256,10.58818054,7.457260132,21.17484665,kunyit
229.3662243,264.1315788,223.3510503,265.8555536,2.405959516,2.717805155,2.294008378,2.782694613,0.955341068,0.952200937,0.9576309,0.951188445,0.891458075,0.890269511,0.892826153,0.890041271,0.448705489,0.366357487,0.463163295,0.362221731,13.94881821,13.9356308,13.92167282,8.144775391,5.115844727,15.30746078,kunyit
189.0263347,245.9605087,223.2258745,249.1012749,2.072338246,2.688278614,2.451282718,2.738446927,0.957928673,0.9500204,0.95269479,0.949642285,0.895909319,0.892467198,0.893368828,0.892281532,0.551390461,0.417382756,0.470225898,0.409943088,13.54753113,13.56164169,13.54823685,7.383888245,3.712398529,14.38248825,kunyit
150.2897505,162.8336365,130.8381314,170.0277419,1.600262965,1.73552491,1.368334149,1.804833774,0.970871124,0.969155773,0.974834042,0.968722323,0.930663837,0.929837537,0.932441705,0.92976872,0.401937709,0.353269584,0.479343386,0.324696576,8.734985352,8.715908051,8.7068367,4.414657593,2.902324677,9.373046875,kunyit
130.7312026,140.5188093,112.9972098,155.2748343,1.743112463,1.886895347,1.498203584,2.059681144,0.953677249,0.951523912,0.958107125,0.949884852,0.925944652,0.925468823,0.927589564,0.925369359,0.669786203,0.645733481,0.714580475,0.608531589,9.391292572,9.38066864,9.362880707,4.072071075,3.571796417,10.38621521,kunyit
136.3246621,151.6508745,121.7154782,164.2491948,1.68115521,1.873261821,1.483694655,2.00781247,0.961438506,0.959158517,0.965670067,0.958145244,0.930191932,0.929494681,0.931864456,0.929301762,0.584460354,0.538625377,0.628991513,0.500296912,8.82466507,8.806507111,8.792476654,4.101779938,3.09552002,9.605918884,kunyit
126.6151618,135.6736838,107.3716518,151.8272372,1.685153192,1.813044527,1.428074547,1.994079373,0.955759173,0.954025707,0.960171359,0.952505681,0.927991886,0.927521881,0.929357381,0.927411872,0.671968602,0.649164492,0.721824207,0.607393384,9.148067474,9.127670288,9.122379303,4.09954071,3.117282867,9.961929321,kunyit
149.9885794,166.4096721,138.4615414,167.2022855,1.572384112,1.730347234,1.424267674,1.743498225,0.972180279,0.970553553,0.974728777,0.970480034,0.928580171,0.927918369,0.929931503,0.927886925,0.386347266,0.320475874,0.433508179,0.317239283,9.037391663,9.01966095,9.003143311,4.879508972,3.123821259,9.744106293,kunyit
142.6712023,161.5684683,113.9142383,160.5884935,1.682859895,1.90570655,1.342320511,1.871814216,0.964490724,0.961865634,0.969512145,0.962606508,0.93012461,0.929420972,0.93200189,0.929564148,0.561869771,0.504787537,0.65017978,0.50779119,8.804615021,8.784317017,8.778747559,4.0730896,2.803417206,9.468341827,kunyit
130.0660623,141.2693196,108.9157978,144.0154641,1.475828645,1.599901961,1.223695878,1.634399378,0.97101181,0.969551734,0.975256295,0.969243282,0.938755038,0.938227717,0.940919267,0.93817879,0.466834539,0.422025331,0.553533485,0.41079004,7.652873993,7.630870819,7.620861053,4.014652252,2.355773926,8.221313477,kunyit
126.6927975,145.4182927,116.3405929,148.2909609,1.45430987,1.657377231,1.298717282,1.674817422,0.97067526,0.96841562,0.974112985,0.968369979,0.937450376,0.936772187,0.93917494,0.936697327,0.510518031,0.439252292,0.550514129,0.428174991,7.875919342,7.855659485,7.844177246,3.988307953,2.706798553,8.551734924,kunyit
203.7053189,235.4285102,198.7098214,245.3433695,2.482012904,2.862075436,2.384142613,2.930380935,0.945492634,0.941126758,0.947923323,0.940628035,0.894603144,0.893214652,0.895979876,0.893071682,0.576137837,0.511055399,0.586532275,0.490463938,13.42982864,13.42221832,13.4103241,7.111442566,4.346530914,14.43566513,kunyit
229.3433678,255.2962879,203.7723061,259.4726353,2.66994863,2.982479387,2.377415607,3.008069056,0.94632586,0.942616423,0.950757653,0.942709148,0.890318517,0.889073378,0.892264694,0.889063382,0.506829153,0.452061586,0.561816146,0.443097957,13.96314621,13.92118454,13.91030121,7.451465607,4.53163147,15.03097534,kunyit
200.667296,224.4357367,167.6371315,226.6579019,2.326886619,2.583760019,1.928517918,2.610582833,0.9527136,0.949956733,0.959135722,0.949627771,0.90185753,0.900804603,0.904487964,0.900702259,0.500275887,0.442149286,0.582531292,0.436625939,12.42239761,12.39027405,12.37779617,7.251373291,4.765632629,13.7004509,kunyit
207.436705,234.7679122,185.4441964,241.9139786,2.585539995,2.94006227,2.316734956,2.994427871,0.940690351,0.936418528,0.94487065,0.935886885,0.893707032,0.892481839,0.895429906,0.89245204,0.595245429,0.542777382,0.638157643,0.528860049,13.53852463,13.51367188,13.50258255,7.262413025,4.352558136,14.61669922,kunyit
182.0809534,213.9978401,168.8010106,213.2526223,2.176469239,2.534173812,1.996063173,2.51599833,0.953243555,0.949371875,0.956734747,0.94955169,0.909297752,0.90814203,0.911141393,0.908103952,0.565549741,0.490365772,0.597236057,0.492140502,11.39910889,11.39587021,11.3825798,5.86737442,3.521595001,12.19083786,kunyit
189.5258225,211.9167895,167.0501238,225.7354636,2.355254709,2.620455651,2.058968322,2.769015131,0.946735723,0.943859628,0.951666946,0.942667604,0.905297753,0.904411076,0.907365979,0.90432761,0.581480547,0.532920419,0.631112397,0.502463084,11.96117401,11.95552444,11.93724442,5.64302063,4.035293579,12.99562454,kunyit
187.6020212,213.4344538,170.5585479,215.2887052,2.311490949,2.624308271,2.082711595,2.647071664,0.947771432,0.944166226,0.951774656,0.943792758,0.906079002,0.904888427,0.907912301,0.904818418,0.586516212,0.530470051,0.624080839,0.526390922,11.85204697,11.84333038,11.82619858,6.155387878,4.328258514,12.93668747,kunyit
254.2691796,285.1710969,234.0588537,285.7683526,2.641236546,2.949023633,2.389952299,2.956070174,0.952688922,0.949425126,0.957274049,0.949274869,0.880316374,0.87890711,0.882794527,0.878860665,0.379973339,0.305950109,0.429255525,0.304496508,15.33000565,15.33485794,15.32445526,8.554725647,5.011177063,16.4446907,kunyit
256.8531678,288.640883,234.144967,286.6341122,2.676981409,2.991900307,2.409032534,2.971595544,0.952729682,0.949407485,0.957185232,0.949624089,0.878592108,0.877193532,0.880841267,0.877170666,0.369383816,0.292695123,0.425136132,0.297612648,15.53547668,15.53859711,15.54574966,8.287067413,5.272777557,16.69334793,kunyit
249.7092328,281.7268699,229.4283345,282.1429988,2.608832253,2.917942257,2.350285898,2.928159742,0.952498249,0.949111572,0.957372603,0.949169094,0.879831063,0.878256479,0.88217117,0.878197304,0.396890775,0.32086123,0.445874134,0.319858098,15.37807846,15.40553284,15.38224411,8.498577118,5.206954956,16.49076462,kunyit
309.3071413,354.8359037,299.6191597,348.1594893,3.402450771,3.893084049,3.302348337,3.820834019,0.93696593,0.931654248,0.939014597,0.93233489,0.850564694,0.848144295,0.851460229,0.848268538,0.416293219,0.331641948,0.434575825,0.344217437,19.30290985,19.30805206,19.29425812,10.07813644,6.437637329,20.63684082,kunyit
312.1985002,358.0385185,304.7534399,361.7451603,3.418572652,3.906503115,3.321810788,3.93566967,0.937208156,0.931799527,0.939284496,0.93154901,0.848467539,0.84613773,0.8495706,0.846004741,0.412260047,0.327239263,0.426275999,0.320274417,19.61231995,19.60886002,19.60456085,9.858097076,6.522163391,21.00365067,kunyit
267.696956,296.7221403,255.4108595,319.032732,3.201022811,3.549955768,3.021297089,3.756649216,0.932662735,0.928710166,0.936220427,0.927000173,0.866279609,0.864896663,0.868005268,0.864357189,0.521862846,0.471016706,0.543807209,0.431242356,17.11896133,17.11178207,17.09608841,8.208366394,5.234615326,18.25462723,kunyit
259.7653039,291.352622,241.781831,289.3309462,2.819135274,3.148593947,2.602907901,3.134684686,0.947155153,0.943444724,0.950781514,0.943515368,0.874114691,0.872594317,0.876076897,0.872600556,0.417898036,0.34835762,0.458196778,0.352879322,16.1074791,16.1337204,16.12108612,8.893650055,5.117168427,17.18386841,kunyit
444.9893897,508.5624595,382.7325021,493.231881,5.02032626,5.689010076,4.332688662,5.532722378,0.901427741,0.894440041,0.910755191,0.895896529,0.789670185,0.787284611,0.793981627,0.787607488,0.46025685,0.383243458,0.534981158,0.40183554,27.43614197,27.4362793,27.41977692,14.35292435,8.954734802,29.36391449,kunyit
419.6343261,475.2789243,378.8152367,470.2812106,4.462611607,5.030656286,3.986882339,4.965276634,0.918458523,0.91222257,0.925856896,0.913226373,0.801909905,0.799776111,0.805970556,0.7999944,0.406848504,0.328277397,0.463604005,0.33534078,25.95314789,25.97593689,25.95452118,14.95515823,9.547100067,28.10507202,kunyit
445.4550208,495.3073364,401.8799038,499.8178507,4.7961335,5.309825713,4.29922563,5.339191409,0.912129497,0.906293062,0.919183195,0.906416392,0.790605955,0.788293248,0.794211046,0.788283109,0.38593067,0.317482829,0.445183567,0.311267489,27.46071625,27.46395874,27.46672058,15.11987305,8.752437592,29.21842194,kunyit
447.1608977,503.6048958,384.0546111,497.4180169,4.94276694,5.529758235,4.249464897,5.485441615,0.905017435,0.898707095,0.914618563,0.898757307,0.789294424,0.787202692,0.793993385,0.78732288,0.439977904,0.368897852,0.517817111,0.376651058,27.5017662,27.48204041,27.46612549,15.48765564,9.217399597,29.45946121,kunyit
214.1919719,253.2985781,197.8314809,248.9175287,2.650669643,3.102025498,2.432859895,3.060772592,0.939881993,0.934733182,0.943397292,0.935103499,0.890024685,0.888613817,0.891767936,0.888621456,0.598722505,0.526350336,0.629373032,0.534542575,13.9578476,13.94024658,13.93645859,6.901763916,4.147361755,14.86960602,kunyit
214.9415897,240.8177971,187.739833,247.388567,2.767536081,3.086385239,2.397436093,3.168745524,0.932909445,0.929205128,0.938778961,0.928688279,0.887138089,0.886080887,0.889348001,0.886025653,0.625284247,0.580957002,0.672706092,0.569523316,14.27585602,14.29561996,14.2813797,6.38640213,5.070209503,15.50298691,kunyit
425.949127,480.7228373,400.1886237,477.5674113,4.536050636,5.095231713,4.238403559,5.072391726,0.917671166,0.911075382,0.921975613,0.9110465,0.798794601,0.795634744,0.800889067,0.795514472,0.389218282,0.310686154,0.425085219,0.315210755,26.39620209,26.39561844,26.42111588,14.27691269,9.746929169,28.65351486,kunyit
422.8782794,475.1764048,390.0254327,487.079063,4.637383806,5.219396372,4.280936583,5.304965897,0.911851524,0.904753107,0.916650541,0.904353104,0.794489322,0.791379507,0.796384447,0.79110927,0.434591544,0.364982792,0.477802054,0.349076293,26.91587448,26.95109558,26.94838715,14.33399963,9.101463318,28.96206665,kunyit
460.1282412,520.5561215,394.5344797,515.3835693,5.253493456,5.920714918,4.550991469,5.899383811,0.89493985,0.887327429,0.904217908,0.887056758,0.781979363,0.778963581,0.78554252,0.77894775,0.476264076,0.407724797,0.550280377,0.413609992,28.48527145,28.43791962,28.43936539,15.21350479,10.0253067,30.84467697,kunyit
437.8184932,482.1349528,404.4524255,511.1184432,4.971991194,5.51814293,4.609325312,5.751437073,0.900618129,0.893347658,0.905822302,0.892072613,0.786447931,0.783280671,0.788482743,0.782890265,0.467727602,0.414642962,0.508046714,0.379454287,27.86138916,27.88512421,27.89796829,14.57335663,9.79901886,30.08502579,kunyit
420.9217833,476.9653724,370.1989703,460.4630535,4.533627385,5.079350186,3.945583874,4.927474236,0.916798143,0.911292819,0.925199471,0.912392098,0.801451783,0.79979014,0.806202884,0.800079455,0.40299169,0.322894655,0.473472341,0.34632153,25.99172592,26.07589722,26.04662323,13.88146591,9.163684845,27.93761826,kunyit
414.4383715,470.8831614,383.0459806,485.2913094,4.637605492,5.192941204,4.216846563,5.340328813,0.906981638,0.901382644,0.914708463,0.90017271,0.797440555,0.795881274,0.801888582,0.795557877,0.492644032,0.423451874,0.530126242,0.405810574,26.41388321,26.41450119,26.39910889,15.68774033,10.1138382,28.89914703,kunyit
398.6626254,451.158865,361.6206045,449.7140713,4.217458109,4.726820133,3.761711106,4.706178362,0.923613899,0.918653672,0.930498679,0.918581828,0.812145547,0.810525726,0.815873153,0.81044935,0.400723935,0.32158144,0.455195282,0.323754011,24.64069366,24.66868591,24.65000153,13.2166748,9.259780884,26.79413986,kunyit
399.7297655,448.5643361,369.5687913,478.0886026,4.482548006,4.978841227,4.083231409,5.261851785,0.910442521,0.905036019,0.917602945,0.902913589,0.805379577,0.803562729,0.808971373,0.803060607,0.492887775,0.431058265,0.530378769,0.393610822,25.40497208,25.40575409,25.38519669,15.38398361,9.992469788,27.70941925,kunyit
330.6297165,374.5187097,290.0041662,367.0633538,3.655332681,4.133731106,3.202452299,4.040831645,0.929791943,0.924691796,0.937024868,0.925801449,0.841013596,0.839231585,0.844709981,0.839466104,0.442997954,0.370248546,0.51143861,0.382784692,20.36532211,20.41182327,20.40689468,11.05944443,6.940910339,21.9913063,kunyit
313.5407519,360.4687022,274.480614,358.9284125,3.865620413,4.396934754,3.387666646,4.396421582,0.913785825,0.908448135,0.921102163,0.908230488,0.841333462,0.839923183,0.844944702,0.839890912,0.571368398,0.507103371,0.623985465,0.509209527,20.25369263,20.29193115,20.28447342,11.03583527,6.438171387,21.60595322,kunyit
327.8723627,376.1847228,303.5460991,367.0197839,3.586579623,4.082938561,3.28496132,3.986263073,0.932437117,0.927449884,0.938074784,0.928387611,0.838084156,0.836135161,0.841464241,0.836432296,0.427278429,0.343792315,0.469498655,0.359779416,20.81090927,20.8542366,20.843647,10.65734863,6.515319824,22.17765427,kunyit
298.3353489,329.6160937,261.1492096,348.7890978,3.884929978,4.321965679,3.427447713,4.510284504,0.901437174,0.896194129,0.908000594,0.894620145,0.83874043,0.837376322,0.841064521,0.837248827,0.638832865,0.601359002,0.683588527,0.57817098,20.66581345,20.67337036,20.69016647,10.51182556,7.399852753,22.51794434,kunyit
231.5228412,269.6370418,217.0433586,261.8324685,2.588620658,2.974031196,2.380458048,2.901007579,0.950577874,0.946849046,0.954586312,0.947208924,0.887787756,0.886552478,0.890065557,0.886489447,0.449284191,0.359845312,0.483726062,0.378374421,14.22590637,14.2515564,14.231987,7.176010132,5.111186981,15.42466736,kunyit
223.4894203,253.9412303,190.7422716,251.3005465,2.896136558,3.275546586,2.460394753,3.2392186,0.930317308,0.926010761,0.937333015,0.926448235,0.884560107,0.883471244,0.887294329,0.883636126,0.609719632,0.557368558,0.666906094,0.561971393,14.58856583,14.56644821,14.54660797,7.251808167,5.93983078,16.16133881,kunyit
221.5057638,247.3282578,193.0388637,254.1601097,2.806621514,3.137932223,2.42549841,3.200960474,0.93364316,0.929452594,0.939928582,0.928924237,0.885386417,0.884269422,0.887957141,0.884116238,0.602958801,0.557502106,0.653984706,0.545279159,14.56349182,14.55592346,14.53358841,6.873615265,5.147544861,15.94791412,kunyit
223.1670897,245.561437,189.0787977,256.8713355,2.88037396,3.176489061,2.439632767,3.292511901,0.930754105,0.927227206,0.938029394,0.926145264,0.885398186,0.884349132,0.888191998,0.884199164,0.602815989,0.563774623,0.66348499,0.543683257,14.44359589,14.4544487,14.4367981,7.02571106,5.76128006,15.9392395,kunyit
233.1121728,268.8169623,218.2270823,267.481926,2.459477434,2.804332091,2.26302593,2.792115533,0.954731679,0.951352437,0.9584949,0.951459355,0.888973015,0.887553484,0.89082508,0.887652933,0.429563824,0.343449851,0.465988323,0.346710502,14.19139099,14.21918106,14.21147537,8.460533142,5.232143402,15.4631691,kunyit
230.0455525,252.284328,188.8598719,263.2770708,2.625733855,2.877102952,2.17804397,2.974751169,0.947734054,0.944922267,0.953839698,0.944108299,0.890239123,0.889165731,0.892625977,0.888850821,0.48155806,0.432520322,0.57437613,0.407793625,13.99429321,13.9915123,13.9805336,7.10534668,4.48922348,15.04430389,kunyit
219.5044796,237.8774897,194.2602434,263.1864614,2.547318371,2.766663731,2.242149278,2.998441336,0.946046122,0.943197213,0.951173201,0.941559089,0.889827512,0.88882975,0.89212843,0.888496126,0.549946775,0.513200556,0.601705399,0.461407537,14.07289886,14.08555603,14.08133316,6.891471863,4.547451019,15.10641098,kunyit
217.7908207,245.3927107,188.0605278,240.6223475,2.365199976,2.651092788,2.030493212,2.596734847,0.954943118,0.951751971,0.959783549,0.952182688,0.897746863,0.896559077,0.899932964,0.896772659,0.457792766,0.390242363,0.531808649,0.402095875,13.0304451,13.0498085,13.03036118,6.909076691,4.515937805,14.04718781,kunyit
224.6751085,265.7436514,199.6790989,258.503169,2.694899706,3.159408856,2.386023116,3.077071549,0.940427563,0.93535118,0.945371082,0.936018859,0.885805761,0.884303217,0.887914594,0.884380549,0.580941216,0.505275289,0.627563192,0.518754616,14.5740242,14.57698059,14.55845642,8.402519226,5.150611877,15.8574791,kunyit
219.4827085,244.545073,190.2925101,243.0433324,2.354016328,2.606102152,2.012422028,2.585965893,0.956532949,0.953978231,0.961650054,0.954034565,0.897826209,0.896792712,0.900234307,0.896873878,0.417457701,0.352180147,0.494933167,0.35615838,12.98468399,13.00229263,12.99190903,7.377635956,4.338985443,14.00614929,kunyit
222.4862402,254.8384925,195.0821383,255.1513436,2.542196673,2.885980063,2.223267796,2.891923668,0.947937805,0.944229932,0.952807254,0.944305816,0.889904343,0.888688291,0.892077707,0.88869205,0.517861032,0.448800893,0.577247111,0.448124217,14.01607513,14.04342651,14.0350914,6.79863739,4.158367157,14.92921829,kunyit
234.1053464,259.2393948,203.6506849,262.125842,2.577299413,2.83763466,2.228649401,2.870025773,0.951236631,0.948486059,0.956384565,0.948077611,0.889948774,0.888860387,0.89232258,0.888762029,0.436402033,0.37708301,0.509720245,0.37014727,14.03754807,14.03375244,14.0235939,7.223407745,4.596614838,15.12319946,kunyit
216.8620199,248.4109972,195.4409782,251.0181563,2.415071551,2.750035424,2.134838246,2.751728126,0.952176457,0.948466867,0.957169409,0.948469747,0.893551907,0.892379797,0.895989965,0.892253064,0.496463287,0.424308371,0.546201277,0.418266289,13.58955765,13.58876038,13.58384323,6.672115326,4.420654297,14.63679504,kunyit
218.7530348,241.083176,207.5800131,262.7388758,2.475920377,2.724667874,2.310382522,2.922652717,0.949444072,0.946442554,0.952950665,0.944754815,0.889262831,0.888127595,0.891094136,0.887732063,0.521744991,0.473927052,0.546172326,0.426671669,14.19734955,14.18342209,14.16896057,7.559627533,4.768173218,15.32023621,kunyit
216.8821322,237.0192363,183.9929825,239.4564895,2.302226027,2.504593656,1.921836778,2.528850609,0.957832596,0.955683926,0.963665975,0.955382881,0.899390696,0.898574588,0.902157719,0.898635469,0.415659201,0.362627082,0.50427172,0.356073018,12.78741455,12.77653122,12.76801682,7.695209503,5.43693161,14.2375679,kunyit
202.2414078,231.0597386,184.1781663,237.6204825,2.340936888,2.653788857,2.092114114,2.71005396,0.950955495,0.947744397,0.955978182,0.947343629,0.896247921,0.895373206,0.898724957,0.895276417,0.526670484,0.460252318,0.568946027,0.444926644,13.19802094,13.20898056,13.20036316,7.561904907,4.924942017,14.34654617,kunyit
215.9193677,242.8261381,196.6324226,254.9906135,2.525142184,2.817567335,2.266183036,2.931100907,0.947194908,0.944056615,0.951994523,0.943064375,0.891845767,0.890669125,0.894050137,0.890480956,0.524051393,0.465756619,0.566565387,0.438993477,13.7783165,13.78004837,13.77164459,7.81816864,4.694484711,14.84217453,kunyit
232.200954,262.1886252,204.1723872,253.1241608,2.492279232,2.800854776,2.162655944,2.698457803,0.953555592,0.950143154,0.958561843,0.951101458,0.889453071,0.888248819,0.891882429,0.888431526,0.426439125,0.353603316,0.495672645,0.375950737,14.09505081,14.08892822,14.07917786,8.023136139,4.896678925,15.26574326,kunyit
223.8001926,258.3200509,204.4023055,249.0186389,2.472167013,2.831997426,2.230789812,2.734019861,0.952148311,0.948436121,0.956073071,0.949262156,0.890455593,0.889104322,0.892265289,0.889250689,0.454862802,0.371978194,0.502112582,0.394591574,14.02127838,14.01700211,14.00348282,7.895442963,4.556945801,15.05735779,kunyit
207.6371468,227.7789531,170.4836641,231.3727046,2.308249755,2.533928715,1.882697835,2.542162446,0.954240625,0.951431967,0.960825839,0.951867644,0.899941767,0.899139588,0.902862316,0.899291001,0.47849705,0.429000518,0.571812004,0.419991651,12.68528748,12.6835022,12.67122269,7.583480835,5.285087585,14.06271744,kunyit
145.0561629,168.2868862,125.3774233,166.2216444,1.937736974,2.24210998,1.673824303,2.211365612,0.948628126,0.944985464,0.953131038,0.945301803,0.918084278,0.917256665,0.919796743,0.917368026,0.680099566,0.629480416,0.723498186,0.634069787,10.37490082,10.38100815,10.35974503,4.729492188,3.704433441,11.41274261,kunyit
159.2580801,180.521513,135.6449058,177.2190057,1.762078033,1.990410576,1.483794031,1.946025023,0.966170758,0.963359107,0.970320207,0.964058604,0.926185348,0.925337679,0.928156929,0.925426788,0.471714831,0.402329643,0.550043603,0.413263579,9.268714905,9.304012299,9.298397064,4.64932251,3.37776947,10.11356735,kunyit
159.1804902,182.9620904,149.1705908,181.7831733,1.8018591,2.056862527,1.657916463,2.047993076,0.965181471,0.962424812,0.968323028,0.962285317,0.922976434,0.921985624,0.924690004,0.921905012,0.4522758,0.371653471,0.486718866,0.375702224,9.662815094,9.683753967,9.683612823,4.718223572,3.644798279,10.56454849,kunyit
159.5053357,173.9592449,130.9615643,174.6930121,1.719101639,1.873177569,1.384975844,1.870887443,0.968068475,0.966097054,0.973388859,0.966280096,0.926414241,0.925607662,0.928903752,0.925708856,0.407649308,0.355215566,0.513651547,0.352495839,9.218982697,9.222343445,9.216506958,4.649139404,3.057933807,9.956100464,kunyit
159.3053296,174.1381122,140.7834898,170.649132,1.702918603,1.859873392,1.462359344,1.808586824,0.969469459,0.967459962,0.973549179,0.96807205,0.926326437,0.925633332,0.928475846,0.925735068,0.365471567,0.307727753,0.439245835,0.321597917,9.253013611,9.261898041,9.253681183,4.695186615,3.299213409,10.05918121,kunyit
156.5307378,171.7279499,126.2468505,176.0247701,1.945419521,2.130590799,1.573744802,2.179158321,0.956906767,0.954897256,0.962546512,0.954291686,0.922998184,0.922438021,0.925390229,0.922261669,0.557828747,0.51582237,0.643375296,0.503707719,9.639892578,9.645515442,9.638034821,4.899589539,3.527637482,10.48491287,kunyit
152.9891068,174.7544242,135.2984115,179.023985,1.735353474,1.962500144,1.483901052,1.993229193,0.965224022,0.962661341,0.970035527,0.962521496,0.925265592,0.924508144,0.927800933,0.924574533,0.511492588,0.44306363,0.567980504,0.429456685,9.300949097,9.320205688,9.309078217,4.401309967,2.922840118,10.03710938,kunyit
160.6355568,179.9256513,132.8364344,175.8167976,1.794604636,2.005575959,1.475102434,1.95600507,0.965549641,0.96305091,0.970280838,0.96360316,0.925855039,0.924995082,0.927994377,0.925107351,0.462419359,0.399018811,0.555451502,0.412743056,9.311534882,9.313819885,9.305641174,4.744766235,3.331459045,10.1401062,kunyit
158.6691383,176.9716951,144.6038482,176.344147,1.794596991,1.997579666,1.596693065,1.981073908,0.96522315,0.963122414,0.969175851,0.963316301,0.923219338,0.922447393,0.925346264,0.922432478,0.455478715,0.393833044,0.503748026,0.395982534,9.599651337,9.618118286,9.607650757,4.901252747,3.326675415,10.38611221,kunyit
243.5065512,279.4723902,223.596502,277.3897082,2.70459271,3.09225991,2.477449242,3.07000203,0.947981621,0.943746254,0.951574075,0.943884256,0.88229863,0.88061911,0.883886865,0.880728491,0.462164534,0.383900623,0.506140068,0.388491914,14.9849205,15.06278229,15.05609131,7.517433167,5.496376038,16.24008942,kunyit
234.2793695,265.7656948,206.7661525,261.020278,2.736507767,3.096778888,2.42606409,3.050172142,0.943619192,0.939618262,0.948499877,0.940147355,0.884708045,0.883311347,0.886668621,0.883342834,0.495782568,0.42910067,0.554996675,0.439294444,14.62964249,14.70230103,14.69932938,7.940673828,5.362297058,15.8695755,kunyit
213.7285118,238.1735364,185.8129587,236.7402928,2.358228351,2.609020339,2.009822957,2.591649082,0.955534765,0.953232554,0.961586093,0.953177155,0.897236218,0.896393557,0.900179966,0.896443621,0.430657736,0.366752717,0.505020787,0.370563373,12.97425842,13.0023613,12.99108887,8.170646667,5.179012299,14.31442642,kunyit
242.4380351,280.0297104,227.1988595,274.998472,2.643369313,3.024329717,2.449891451,2.97473585,0.950615607,0.946711955,0.9539872,0.947051948,0.882694261,0.881098386,0.884215853,0.881188757,0.436946351,0.350881182,0.47233879,0.362543771,14.98381424,15.03190994,15.03298569,7.603561401,5.300533295,16.13081741,kunyit
209.7751269,243.6712176,180.8629449,234.4490255,2.532006788,2.917597589,2.163061093,2.804102313,0.945124647,0.941232856,0.951959255,0.942181312,0.894388978,0.893462942,0.897316515,0.893520165,0.55203599,0.48052088,0.61377647,0.500237653,13.38256454,13.37451935,13.35316467,8.310211182,5.091285706,14.77045441,kunyit
224.9457635,250.7266057,208.5409659,263.3005159,2.699027642,3.0283585,2.498593444,3.129438077,0.94123769,0.93734657,0.945206833,0.936717143,0.885805317,0.884472757,0.887738671,0.884293246,0.542430287,0.490951327,0.575799835,0.465422595,14.55983353,14.56639099,14.55522156,8.371997833,5.534404755,15.98095703,kunyit
247.3378333,281.4246422,223.3240124,276.3790044,2.713016756,3.075539692,2.448454318,3.023303373,0.948868059,0.944884059,0.952500507,0.945320239,0.882679672,0.8811239,0.884363828,0.881192187,0.450585438,0.376058132,0.503927633,0.387244732,15.0279274,15.03839874,15.01913452,7.503925323,5.037139893,16.17338181,kunyit
203.1851226,249.673883,203.2288634,247.622673,2.312545866,2.773963029,2.238533513,2.772844773,0.952808944,0.948237753,0.955819043,0.947855123,0.893977325,0.89251684,0.896193802,0.892470837,0.520066858,0.411381985,0.51996354,0.41621781,13.4259758,13.47428513,13.48073959,6.697727203,4.209190369,14.39964676,kunyit
206.5792181,232.5401174,182.3669429,228.0928612,2.132713124,2.37108467,1.817163038,2.338961631,0.962091814,0.959814635,0.967591819,0.960081412,0.9038615,0.902980166,0.906924383,0.903064006,0.362145008,0.283365328,0.43690529,0.29707074,12.09038162,12.13585281,12.13002396,6.491897583,3.714202881,12.95033646,kunyit
196.1022428,230.7782446,179.6958629,218.6021653,2.12494649,2.48378338,1.901021282,2.327503341,0.959755663,0.955978967,0.963841238,0.957666209,0.905261498,0.904047436,0.907391941,0.904498231,0.443495435,0.346345461,0.49005393,0.380832895,11.99380112,12.01382065,12.00623322,6.698963165,3.806602478,12.89810944,kunyit
222.554076,241.8796497,181.3649324,245.8047419,2.44480033,2.654753926,1.993357082,2.692368672,0.954026827,0.951581529,0.960390267,0.951191148,0.896445752,0.895399383,0.899182319,0.895277239,0.430186801,0.381889684,0.535644846,0.371859324,13.10846329,13.14205551,13.13896179,6.707077026,4.022777557,14.01023102,kunyit
224.8348214,257.3797129,196.5520196,248.9635686,2.389103779,2.729255786,2.063333231,2.632679869,0.955216954,0.95138076,0.960464985,0.952310822,0.894058084,0.892593571,0.896597155,0.892869303,0.441595128,0.361987891,0.511838937,0.382850459,13.50289917,13.51538849,13.50593185,7.28994751,4.776500702,14.69454193,kunyit
227.3303189,254.398459,192.0534185,247.7300485,2.371437745,2.648695432,1.979016328,2.576629226,0.957347237,0.95438225,0.963342029,0.955077149,0.895636872,0.894579144,0.898684225,0.89484537,0.381502153,0.309184181,0.477480055,0.327292165,13.22709656,13.27732086,13.27387238,6.714252472,4.37392807,14.23303223,kunyit
213.2200342,242.5409906,186.7317454,245.8868188,2.301285775,2.598259045,1.965096013,2.625303978,0.955483424,0.952191401,0.961762359,0.951922123,0.8969391,0.895806683,0.900058307,0.895664086,0.463057433,0.390387285,0.529761717,0.38197774,13.07600021,13.0895462,13.0758934,7.596683502,4.726951599,14.26401138,kunyit
374.6851991,407.9413873,333.1525234,430.2677877,4.588467772,4.994577227,4.055516909,5.217439425,0.899413794,0.894360443,0.907493937,0.892319536,0.810328455,0.809178592,0.814596697,0.808687252,0.541675322,0.500891642,0.591644958,0.473575725,24.25415039,24.35165405,24.37427521,12.74689865,7.906654358,25.93838501,kunyit
398.5715585,443.5536437,348.5775326,436.6686594,4.485804489,4.945680355,3.876807883,4.881273433,0.913605285,0.909229412,0.923333067,0.909896893,0.808543881,0.807517661,0.814043382,0.807661934,0.424683603,0.358461569,0.494886652,0.368419738,24.67327881,24.75618744,24.7397728,13.29955673,7.640922546,26.25849915,kunyit
365.5284445,408.7905913,322.9132446,406.8393044,4.194081764,4.665331398,3.678319166,4.632319882,0.917695626,0.912785084,0.925738465,0.913215509,0.822299752,0.821073229,0.826782214,0.821010499,0.440032629,0.373846855,0.50453826,0.376885068,22.81007004,22.86975479,22.91225052,12.13711548,7.07144928,24.30353546,kunyit
371.5719866,399.8833721,324.5044566,431.3134983,4.745512781,5.12084436,4.118181262,5.417197391,0.887742346,0.883663372,0.898212923,0.881332871,0.807566357,0.806539557,0.8120488,0.806137438,0.588046697,0.556742588,0.639645359,0.521903339,24.6392746,24.69493866,24.68268585,13.27620697,7.731384277,26.41972733,kunyit
334.6820343,371.9069091,272.9464133,376.0255744,3.958353718,4.370211511,3.193294398,4.398665753,0.917296336,0.912766467,0.930364587,0.912869351,0.834157899,0.833093239,0.840185507,0.833156391,0.502814276,0.447263256,0.593582833,0.441142,21.07464218,21.10934067,21.0930748,12.81882858,7.360965729,22.86830902,kunyit
385.7072071,434.5381145,351.0470699,438.1736934,4.336365582,4.84662283,3.888029752,4.869409201,0.916045088,0.910887852,0.924150083,0.910819038,0.811164841,0.809626274,0.815714944,0.809521297,0.440274325,0.36943035,0.489631103,0.364154666,24.4176445,24.52173996,24.50389481,12.30010223,8.535152435,26.33406448,kunyit
361.4623288,399.0964074,323.5749564,417.4173314,4.310932913,4.756664535,3.807397413,4.901394373,0.90826756,0.903336502,0.917479966,0.902750068,0.819298234,0.818231773,0.824164748,0.818051623,0.51577755,0.465469262,0.565814503,0.440931088,23.08888626,23.19169617,23.19522095,13.10324097,7.371631622,24.68951797,kunyit
318.0201504,351.9201903,271.6527489,354.7708687,3.593084944,3.945190161,3.005526847,3.966973166,0.929367286,0.925742033,0.940356238,0.925681455,0.843018512,0.842151608,0.848592154,0.842098674,0.440643942,0.381033595,0.52130814,0.376019748,19.93402863,20.02275848,20.01031494,12.2347641,7.089904785,21.63110733,kunyit
186.42426,204.7272567,162.2079333,209.1817663,1.998723398,2.17242581,1.692828094,2.218894689,0.963118293,0.961300039,0.968130951,0.960901814,0.91317904,0.912510818,0.915686071,0.912385291,0.411402726,0.354855638,0.487860929,0.340818417,10.87921524,10.90794373,10.89676666,5.558799744,4.087116241,11.84890747,kunyit
195.5177807,216.4392906,169.4816383,209.4553483,2.064869741,2.280751069,1.751605308,2.192784188,0.963518573,0.961115558,0.96829863,0.962232815,0.912664335,0.911800452,0.915189743,0.912063097,0.378031628,0.312799969,0.4608561,0.334974156,10.92844009,10.97303009,10.95562363,5.901103973,4.266197205,12.01948547,kunyit
176.0453614,201.1484331,158.2333277,207.9051857,2.112333354,2.368557106,1.85875581,2.460690638,0.954010105,0.951305187,0.958779986,0.95029766,0.911626715,0.910891158,0.914113346,0.910557412,0.579833996,0.520833523,0.622345829,0.5047379,11.04087067,11.117836,11.10868073,5.777210236,4.62273407,12.23760605,kunyit
165.9288848,181.2620203,136.6157198,190.7839814,2.225507583,2.431148778,1.832138271,2.541358221,0.941900334,0.939157782,0.948456342,0.938315169,0.908691837,0.907956078,0.910745778,0.90795699,0.670359041,0.640571216,0.728593747,0.621689893,11.50992203,11.56916809,11.57439041,4.959453583,4.814804077,12.843853,kunyit
178.6821031,200.1595199,148.9878914,202.118918,2.054511681,2.286395962,1.689395793,2.306578176,0.958922735,0.956395109,0.964682968,0.956016906,0.91364398,0.912939249,0.9164109,0.912783717,0.49719288,0.437832709,0.580751674,0.432329551,10.80438995,10.82781982,10.82279968,5.326873779,3.755306244,11.68307877,kunyit
159.5363182,177.0304342,138.606409,189.2958973,2.003791585,2.224133639,1.699356348,2.325458312,0.952327008,0.949832404,0.958913683,0.949292617,0.916005448,0.915430572,0.919173996,0.915359478,0.619921266,0.579043077,0.669784604,0.549877292,10.48632813,10.4890213,10.47597504,5.158718109,3.344551086,11.26210022,kunyit
172.6682363,199.8428545,151.7934121,196.3207632,2.109772505,2.425151558,1.830983977,2.376683606,0.952687234,0.949358624,0.957821424,0.949773459,0.913352354,0.91245305,0.915848825,0.91255674,0.580538803,0.515445933,0.631249802,0.523985861,10.81254959,10.84902954,10.84682465,5.399719238,3.370800018,11.52059937,kunyit
175.104582,192.5846715,152.9172808,208.5473631,2.275195695,2.493640879,1.984543175,2.707602989,0.94307369,0.940100174,0.947941152,0.938082553,0.906562383,0.905777947,0.908618665,0.905599704,0.641094728,0.60600745,0.686571204,0.573350741,11.75148392,11.79336166,11.77485657,5.154247284,4.654121399,12.93808365,kunyit
171.4636895,196.6393971,148.9712726,198.1518377,1.902389616,2.141444005,1.590753425,2.160799017,0.963427098,0.960919701,0.969029452,0.960851842,0.917110086,0.916216576,0.920107943,0.916290058,0.482179038,0.407286946,0.550106218,0.402728128,10.34252548,10.36857224,10.3613472,5.244235992,3.193531036,11.05849838,kunyit
156.9461763,183.3849365,139.0800667,188.5471869,2.052982816,2.376040227,1.792586534,2.443924464,0.946793674,0.943110041,0.95211952,0.942298149,0.91251209,0.911723041,0.915055828,0.911504627,0.682168956,0.629327009,0.71834954,0.618892636,10.92821121,10.9909935,10.98355484,5.19713974,4.000976563,11.86618423,kunyit
195.9446551,222.3694609,167.9353672,216.8498206,2.255863197,2.541128442,1.911952666,2.496283332,0.954520975,0.951210768,0.960232599,0.951702407,0.907348841,0.906186462,0.90985698,0.906322838,0.503214444,0.437293251,0.574227402,0.451260721,11.60239029,11.67314911,11.6713829,5.44878006,4.39768219,12.68767548,kunyit
173.1126773,202.1245476,152.6753302,203.0542852,2.274477128,2.628896182,1.990926186,2.644383255,0.942270941,0.938649684,0.947679393,0.938285429,0.90558369,0.904599004,0.907827905,0.90446901,0.658092606,0.601542419,0.69845753,0.599709584,11.8195343,11.85668945,11.86519623,5.562980652,4.352478027,12.8343544,kunyit
171.4893591,195.5103496,144.7777871,200.550534,2.155806629,2.441925391,1.795139738,2.487620682,0.948653274,0.945681161,0.955941327,0.945185498,0.910003165,0.909247229,0.913184487,0.90925585,0.627625604,0.576269218,0.685627486,0.565345596,11.2725563,11.31320953,11.30450439,5.646026611,4.049106598,12.24326324,kunyit
191.7907978,212.0074448,165.6535745,208.3905622,2.077574609,2.289153304,1.76053388,2.244966893,0.961621096,0.959206836,0.966577942,0.959750395,0.910905426,0.909878531,0.913306075,0.909932032,0.418269704,0.35818287,0.497547828,0.369132377,11.14648819,11.20458221,11.20233154,5.252998352,3.878231049,12.01464462,kunyit
115.808265,135.5082203,101.1932562,135.2577158,1.493204195,1.733908801,1.28543909,1.71999954,0.963801107,0.961123632,0.967387397,0.961276265,0.939782172,0.939037965,0.941430944,0.939064753,0.664336184,0.607985722,0.706696975,0.608710412,7.563285828,7.575576782,7.572963715,3.588050842,2.821105957,8.297664642,kunyit
581.4341671,656.3814936,517.0353397,642.0037301,6.711411448,7.548569437,6.028887904,7.415137044,0.863949985,0.854793827,0.872772257,0.856231205,0.719016799,0.716206995,0.723167383,0.716548627,0.459178822,0.389674198,0.518374366,0.403043131,37.52128983,37.51947784,37.49457932,22.841362,11.87377548,39.91794968,lengkuas
609.452911,676.5403625,542.8759785,699.7950146,7.030317392,7.783648194,6.292074364,8.004381111,0.857038,0.84863973,0.866215382,0.846668384,0.702993826,0.700006075,0.706876959,0.699536966,0.47194898,0.413443283,0.528482625,0.39328163,39.95079422,39.95680237,39.91709137,22.21452332,14.25519562,42.9192009,lengkuas
555.5927333,635.4825119,540.1454371,622.2700013,6.204944349,7.03928447,5.962745383,6.92122426,0.881828335,0.872822957,0.886526335,0.873990326,0.730608751,0.72738774,0.733537096,0.727701861,0.413727902,0.329062061,0.428670395,0.343011736,36.40505219,36.40424347,36.37479401,18.72568512,14.79407501,39.80394745,lengkuas
573.9621759,657.5909253,521.022589,630.8563386,6.545437867,7.461184662,5.966464347,7.189195813,0.871127895,0.861526045,0.87894906,0.864023516,0.722615992,0.719602182,0.726575808,0.720175951,0.445906352,0.365473066,0.496336941,0.391269978,37.13176727,37.14091873,37.11206436,22.12430573,11.60138321,39.43359756,lengkuas
660.7656326,735.6592346,597.5715623,746.9335787,7.529667625,8.359346816,6.826064854,8.465611728,0.848484207,0.839023337,0.857752272,0.838736794,0.680486727,0.677068561,0.684748165,0.676770575,0.455127582,0.393421716,0.50639789,0.384125601,43.44485092,43.45688629,43.40612411,25.08191681,15.95345306,47.04722214,lengkuas
636.411968,700.9837547,579.0897176,724.4226048,7.314541035,8.039119795,6.66058051,8.276818027,0.851646174,0.843249125,0.860188318,0.841747199,0.690792837,0.687856407,0.694612419,0.687422548,0.461266398,0.406275965,0.508638928,0.386423566,41.87611389,41.8716507,41.84038162,23.53092957,15.34226227,45.4336586,lengkuas
292.8114757,348.9313383,296.0136069,360.1897588,3.487975477,4.138433906,3.535507889,4.235400447,0.923924198,0.916460795,0.923526073,0.915784974,0.844834541,0.842278052,0.844752085,0.842270539,0.561282632,0.478172771,0.556484901,0.46133579,20.12783813,20.09238815,20.06586075,11.47541428,8.179775238,22.01615906,lengkuas
292.8311292,347.255732,293.7009234,339.249819,3.278941414,3.863863879,3.267711901,3.779895144,0.933265535,0.92676572,0.933316715,0.927142676,0.84834876,0.845844514,0.848202585,0.845777306,0.502141173,0.410721837,0.500662386,0.424307529,19.70489502,19.69936371,19.67737198,10.39971924,7.380558014,21.29296875,lengkuas
283.6871025,339.3201466,289.3581901,333.3118975,3.298304489,3.912025459,3.337366989,3.8328208,0.927086029,0.920622759,0.927593469,0.921241255,0.846281105,0.844171518,0.846551039,0.843998528,0.555335845,0.46912722,0.546446723,0.478527239,19.87206268,19.85443878,19.82934952,11.12045288,6.971305847,21.33698273,lengkuas
301.0075526,354.3044757,288.3683762,350.1024314,3.803686093,4.448263449,3.641293878,4.401817548,0.909938095,0.9030386,0.913339148,0.903280323,0.836410156,0.834405325,0.838131813,0.834426371,0.590369874,0.518343986,0.607259133,0.524056418,21.01455307,20.98905563,20.97817612,10.76635742,7.253395081,22.61204529,lengkuas
303.0827116,346.5770964,285.9447315,354.1069542,3.751651174,4.293871424,3.548701994,4.371927191,0.914386475,0.908158725,0.918213504,0.907158952,0.839252745,0.837331525,0.841038632,0.837228906,0.567170915,0.505970506,0.591645476,0.495237045,20.61933136,20.60391617,20.59750748,11.35410309,5.215297699,21.62252808,lengkuas
291.5226654,337.2634296,272.1130978,335.8562123,3.730690435,4.299516316,3.482127568,4.289942211,0.910098828,0.903621413,0.914911975,0.90378545,0.840812165,0.838930439,0.843045398,0.838974269,0.598444153,0.536291387,0.625179726,0.538226191,20.31421661,20.29209518,20.28421402,9.853500366,6.29769516,21.63217926,lengkuas
291.1704226,326.9162572,276.7921661,341.2742215,3.58871239,4.028936776,3.41043909,4.191091486,0.91932943,0.913877626,0.922614893,0.912403997,0.843755279,0.841987269,0.845504763,0.84177857,0.547926867,0.493368919,0.570250644,0.471117988,20.05268478,20.03764343,20.03541183,11.23289108,5.212665558,21.04713058,lengkuas
299.9839163,351.7831274,290.2150501,341.5972442,3.784858121,4.414183463,3.644408941,4.28823419,0.912686693,0.905506729,0.915539816,0.906695591,0.838398822,0.836343226,0.839911111,0.836505537,0.570182111,0.496892706,0.584178973,0.511460182,20.78527832,20.76124954,20.7557869,10.8086853,7.325260162,22.42664719,lengkuas
290.116209,327.1397168,270.0318157,339.265781,3.637888332,4.105177293,3.398307546,4.24927907,0.914880114,0.909099972,0.918822961,0.907535796,0.841763925,0.840169807,0.843672338,0.839889575,0.581548653,0.529017394,0.610517533,0.511559516,20.34939575,20.32746887,20.32993317,11.00646591,6.179336548,21.74414063,lengkuas
246.4718689,294.3711,236.5945068,279.4255613,3.082092405,3.678256441,2.949922028,3.502039284,0.924515226,0.91746135,0.927477476,0.919411754,0.86081049,0.859019364,0.862507535,0.859230243,0.621972932,0.549343602,0.63712237,0.572223914,17.72911072,17.70171738,17.70195389,9.427776337,5.479930878,18.92162704,lengkuas
295.1606761,346.6360423,281.7459485,341.6025214,3.739726027,4.377893773,3.577452299,4.323443921,0.911575461,0.904290429,0.914532742,0.904837659,0.839749941,0.837658747,0.841333989,0.83778862,0.585270439,0.513837897,0.60411944,0.520897483,20.57823944,20.55682755,20.54660416,10.57277298,7.217037201,22.14982224,lengkuas
561.0687989,637.68636,508.0653055,629.2703383,6.713872921,7.595804244,6.137628425,7.504628123,0.856310044,0.846225814,0.863070077,0.84732135,0.719982912,0.716111707,0.722092141,0.716425615,0.503283122,0.436460487,0.550207367,0.443897937,37.09362411,37.03864288,37.02790451,21.69488525,11.45801926,39.29425049,lengkuas
487.6424596,572.0584059,477.6003815,554.0780366,5.882713124,6.83977543,5.740593658,6.68286733,0.873840215,0.863963257,0.877433717,0.864586093,0.745266442,0.742120104,0.747355161,0.742094556,0.50000896,0.41386167,0.509759514,0.432284585,33.63360214,33.63487244,33.62833405,17.50056839,11.07607651,36.02222824,lengkuas
471.119649,553.0772707,465.9157748,541.0765507,5.782641267,6.741885946,5.696527948,6.636746949,0.873248724,0.862810991,0.875475473,0.86344587,0.749461674,0.745920712,0.750452118,0.745827502,0.517603039,0.434703321,0.523755095,0.446969179,33.06167603,33.06032181,33.04599762,17.29079437,11.28651047,35.50937271,lengkuas
492.8463873,572.5896041,480.5271144,563.4002397,5.881291279,6.761999226,5.725866866,6.715430777,0.87611344,0.8670796,0.879401008,0.867020345,0.744788382,0.741453529,0.746391929,0.741292156,0.494162713,0.413381479,0.506806709,0.42279599,33.84296417,33.81929398,33.80031586,16.96600723,13.15342331,36.93386841,lengkuas
470.9635748,527.1746125,428.2270747,520.9620674,5.429075954,6.056226807,4.944089408,6.009872818,0.888910087,0.88158237,0.895796731,0.882009129,0.767243961,0.764534461,0.770219861,0.764550959,0.464365593,0.4015334,0.512970498,0.408586093,30.60447311,30.57553864,30.55947495,18.12973785,10.61458969,32.85082245,lengkuas
554.9955128,619.5893704,498.2935803,642.3600553,6.615612769,7.390068206,6.006436522,7.594226431,0.859625232,0.850616277,0.867499849,0.849058073,0.721985115,0.718205138,0.724603899,0.718088254,0.501142804,0.444079378,0.552109283,0.423648599,36.79564667,36.79170609,36.78199768,21.34311676,12.07511139,39.24384308,lengkuas
481.3553541,561.5991284,469.0891634,559.6221905,5.948790668,6.880741112,5.781502263,6.889779068,0.867820908,0.857647499,0.871336707,0.856853401,0.744519979,0.740994176,0.746307094,0.740610412,0.526894153,0.449014282,0.538950125,0.450953859,33.62602615,33.59506989,33.58912277,16.81646729,12.81864166,36.49777603,lengkuas
449.1214148,523.0859946,418.5714821,518.098192,5.109971257,5.908371981,4.755014677,5.843873147,0.893351452,0.884292907,0.897819038,0.885466745,0.773946127,0.7707744,0.775829581,0.771205716,0.516205009,0.437564012,0.549113492,0.44292703,29.77695847,29.75297928,29.73614883,17.27093124,9.834075928,31.67421341,lengkuas
457.1886849,528.7555003,420.529251,524.8212859,5.245115276,6.044343427,4.897317606,6.011209363,0.890041128,0.881333212,0.894372321,0.88145951,0.769492008,0.766450629,0.771686645,0.766486088,0.51809434,0.443431484,0.556539473,0.447572641,30.45248795,30.35147858,30.33444214,16.7652626,12.8120575,33.40566635,lengkuas
383.0980767,433.9684055,361.9066781,440.3288897,4.269447162,4.80530482,4.012368518,4.866188472,0.91483617,0.908879337,0.918539006,0.908469914,0.810440703,0.808515362,0.812519705,0.808314591,0.484451946,0.41708197,0.512969928,0.408538396,24.75595856,24.74222946,24.72382736,14.50691605,11.66123962,27.51227188,lengkuas
433.2488381,510.6413195,404.4161341,499.3602889,4.889784124,5.728524324,4.588116133,5.626112032,0.89812825,0.888614571,0.901769935,0.889740021,0.780773725,0.777356019,0.782252136,0.777612336,0.520272003,0.435617614,0.552197894,0.448085886,28.9177475,28.85098648,28.86280823,16.41160583,11.1669693,31.33482742,lengkuas
472.4809886,563.5571095,476.0412182,561.3474979,5.449493946,6.450580382,5.453652458,6.418503299,0.888512294,0.877564317,0.889642907,0.87805847,0.758013063,0.754179816,0.759083269,0.754279271,0.488414276,0.390917315,0.484559385,0.393305425,32.17832947,32.13195801,32.08376694,17.49717712,13.05109787,35.31165695,lengkuas
480.742348,547.3297513,439.7445802,544.1608067,5.295766573,6.016942337,4.857991377,5.979588007,0.894718334,0.886671168,0.900404437,0.8868114,0.768012386,0.765058619,0.770385416,0.765001899,0.467596375,0.394969397,0.512999823,0.39847242,30.70822906,30.71269608,30.68253326,15.64344025,12.76826477,33.61586761,lengkuas
493.6674719,575.1775307,477.5768255,583.6807457,5.685153192,6.594306854,5.500099376,6.655879841,0.881558641,0.871528255,0.884465192,0.870870182,0.749154532,0.745378067,0.750362439,0.745090972,0.504957162,0.42427053,0.52120105,0.415759155,33.44772339,33.39066696,33.36514282,18.84051132,13.4668045,36.41307068,lengkuas
471.9019539,556.9340038,474.2644478,556.4283991,5.482876712,6.445073357,5.471983549,6.421689562,0.885256337,0.874560238,0.887017219,0.8749614,0.755537477,0.752021875,0.757228391,0.752215186,0.49750956,0.408048073,0.494993931,0.408585469,32.44491959,32.38070679,32.3602562,17.43781281,12.99419022,35.57039261,lengkuas
466.1378501,544.0457489,458.5993074,554.5142061,5.373998593,6.23985815,5.268934993,6.338157406,0.887057631,0.87752105,0.889795673,0.876907281,0.759360353,0.756132414,0.761010534,0.756054417,0.511047959,0.429878393,0.518540816,0.418908188,31.98698044,31.90353394,31.8692627,17.1321373,13.67500305,35.25325012,lengkuas
482.160913,562.600216,470.3834508,559.296399,5.495031189,6.37632745,5.338463949,6.317833495,0.888405614,0.87931904,0.891311776,0.879463186,0.757682563,0.754556694,0.759462775,0.754371393,0.483351951,0.398111047,0.495843979,0.401645584,32.21805954,32.15619659,32.13262177,17.72829056,11.68516922,34.67457199,lengkuas
489.2734146,560.1385488,495.0918389,572.2768602,5.488143652,6.297624473,5.526311766,6.380773664,0.89025108,0.881045872,0.891536841,0.880959649,0.755277534,0.751696025,0.756087719,0.751567563,0.473743222,0.398626688,0.467484993,0.385594811,32.7527504,32.67434311,32.61323929,18.23981476,13.7356987,35.95920181,lengkuas
670.4191307,770.3827574,629.0047624,761.8210868,7.555513087,8.647960141,7.145754342,8.570930718,0.85034123,0.838065719,0.854572189,0.838557819,0.679104667,0.674204172,0.680930314,0.674214392,0.456409192,0.376473838,0.489988887,0.383403414,43.8291626,43.8298912,43.80879593,23.75028992,14.85020447,47.01099014,lengkuas
609.3156265,679.8490585,573.4074884,695.5575231,6.736026174,7.524526943,6.403276358,7.703264004,0.870742764,0.861803243,0.874630028,0.860188854,0.710273596,0.706149033,0.711715213,0.705996533,0.427704239,0.362312615,0.461173003,0.347578331,39.45187759,39.43658829,39.4117775,20.589077,16.90044785,42.94438553,lengkuas
712.2785286,820.170894,654.3399966,805.5504,7.873195939,9.057011883,7.336870108,8.909601296,0.844279914,0.830711872,0.850077475,0.832090709,0.664264943,0.658434923,0.666783733,0.658991927,0.443758952,0.360646684,0.489005002,0.372043896,46.35737228,46.31343842,46.25785065,24.87527084,18.83003998,50.44085693,lengkuas
644.0242172,746.3500523,616.0420056,715.2214874,7.242875489,8.374056472,6.937102495,8.047725001,0.855137497,0.843002042,0.85921447,0.845956918,0.690147696,0.685586315,0.691880701,0.686016512,0.458482022,0.373568923,0.482010439,0.39969594,42.18593979,42.13806534,42.11426926,22.86084747,14.10097504,44.97022629,lengkuas
687.2202559,782.1983984,648.1953201,764.6111113,7.55265411,8.569146105,7.169512904,8.411066134,0.856472559,0.846349683,0.861681726,0.846692719,0.681204688,0.676769963,0.683445482,0.676851129,0.419063527,0.339967376,0.452052963,0.354807835,43.6605835,43.67748642,43.66029739,24.59474945,15.30167007,46.89676285,lengkuas
741.2468352,839.2706983,676.8360292,821.9996707,8.238136008,9.353073862,7.623348826,9.13700545,0.837377836,0.82472746,0.844318482,0.826949848,0.652904657,0.6477484,0.656473161,0.648687625,0.431392616,0.356602398,0.480203565,0.369842629,47.83548355,47.85225677,47.81024551,25.20191574,17.41817093,51.34205246,lengkuas
625.6968184,694.6471866,572.764379,726.5518897,7.101057975,7.926853834,6.606684198,8.228644958,0.856743944,0.847179048,0.861935706,0.845160276,0.700357969,0.696291281,0.702351745,0.69590141,0.461021628,0.402701812,0.506617897,0.375268287,40.60969925,40.56090546,40.53292084,21.02836609,16.49705505,44.21615982,lengkuas
676.3263133,764.9649358,622.8212642,756.8959639,7.463223153,8.427820819,6.967484864,8.37353947,0.855742244,0.84544659,0.860496878,0.845048634,0.681881119,0.677425253,0.683289288,0.677365578,0.43565454,0.362524548,0.480042791,0.369248741,43.59091187,43.61351776,43.57772064,24.05737686,15.77127075,46.85102844,lengkuas
564.6485827,660.8417209,550.5126934,633.1678762,6.496827605,7.566082391,6.361985537,7.275872105,0.867561498,0.856088208,0.869703053,0.858766427,0.719065373,0.715508443,0.721064905,0.716055388,0.470765494,0.381314795,0.483672128,0.407223266,37.81032562,37.76556778,37.74126053,19.36686325,13.89141083,40.81502914,lengkuas
466.472725,543.0642461,435.7467932,527.5339517,5.345133623,6.179843827,5.000271374,6.029668238,0.892192139,0.88337235,0.897219199,0.884366834,0.768559648,0.765588559,0.771513501,0.765579125,0.478259642,0.393130962,0.512160968,0.410485915,30.33036041,30.29936981,30.25091171,14.52892685,11.36118317,33.10652924,lengkuas
449.1851303,513.7138836,377.8499304,472.0888745,4.69644386,5.338233999,3.955162213,4.940648205,0.913980716,0.907982925,0.923852323,0.911412895,0.791874545,0.789915316,0.796498521,0.790829393,0.410962679,0.326088618,0.503390738,0.380694047,27.42809677,27.39756012,27.3624382,15.37130737,12.32518768,30.41138077,lengkuas
430.4544857,502.8227565,405.4536639,489.3890457,4.998448202,5.761294572,4.674967129,5.635146158,0.897177783,0.889744029,0.90300101,0.890514334,0.780674261,0.778867418,0.784027879,0.778988177,0.489414167,0.403514332,0.518133452,0.419450397,28.77753067,28.74720383,28.71035767,14.15888214,12.03781509,31.41495895,lengkuas
384.3074089,448.5646654,378.6077926,440.2774193,4.730675147,5.484951421,4.639485996,5.396678168,0.893600578,0.885706574,0.89574791,0.886443994,0.795637123,0.793119517,0.796655046,0.793166828,0.543818082,0.468513395,0.550583661,0.478332627,26.55231094,26.54825974,26.51675415,13.80583572,9.628684998,28.55285263,lengkuas
355.9419337,411.7933142,335.4930972,396.1989116,4.315397199,4.954538317,4.039941597,4.782043574,0.905191293,0.898444165,0.909763161,0.900061723,0.813669271,0.811887804,0.815924017,0.812079671,0.52401018,0.448785425,0.550089939,0.46965964,24.27685928,24.24358749,24.24143219,13.29146194,9.250915527,26.35264587,lengkuas
405.3382002,459.888971,360.1767291,440.8368304,4.857379831,5.497558603,4.392864787,5.31959513,0.893987277,0.887310466,0.8992507,0.8881209,0.793388424,0.790997257,0.794609337,0.791196583,0.505345786,0.439800509,0.560458559,0.463008283,26.86114883,26.86310196,26.86424637,14.25547409,8.210121155,28.41071701,lengkuas
404.0561399,468.3788588,398.1631758,462.5223019,4.733251284,5.497007135,4.680704195,5.41003596,0.901177678,0.892419474,0.902310035,0.893619541,0.79690471,0.793741398,0.797308494,0.794028446,0.498047514,0.419211859,0.505368249,0.426473969,26.5945282,26.57981873,26.55850983,14.58004761,10.48554611,28.94858932,lengkuas
386.3671951,448.4404701,380.9253455,440.6800066,4.729780761,5.449328089,4.638820939,5.394165923,0.894372017,0.886484122,0.896645659,0.8867621,0.793702852,0.790865774,0.794587185,0.790836315,0.537747883,0.464462708,0.544258546,0.473730422,26.89622498,26.86647034,26.8562851,14.50807571,9.765018463,28.82387924,lengkuas
315.7807225,350.6885161,270.4409629,357.5486384,3.526739848,3.887469794,3.000099376,3.94852195,0.929360651,0.925722145,0.936744298,0.925095677,0.843741275,0.842758769,0.846763446,0.842546894,0.467382024,0.408912428,0.543310894,0.397349652,20.19878769,20.18595886,20.15664291,12.86045074,7.962379456,21.86911774,lengkuas
293.964859,340.1869325,257.5397581,322.6089744,3.38456305,3.880316022,2.973351884,3.694907725,0.930668943,0.925509526,0.936433964,0.927237322,0.847487754,0.846115685,0.850225099,0.846283445,0.492995988,0.414379637,0.555818709,0.444639501,19.72990417,19.71960831,19.70129395,12.07626724,8.781044006,21.75911713,lengkuas
760.914632,867.2126753,777.6244496,895.0787834,8.354975691,9.530374807,8.570763515,9.79428311,0.840267343,0.826667157,0.837230347,0.824099648,0.627375856,0.619876314,0.624724075,0.619009679,0.410821341,0.329572277,0.398465472,0.308029452,53.65991592,53.64393616,53.56902313,33.95329666,24.70829773,59.61988449,lengkuas
643.4280019,739.0715454,647.6599422,747.3156544,7.789349162,8.971224069,7.877759601,9.066444292,0.826677503,0.812914045,0.826085495,0.811607993,0.667059085,0.661648241,0.666755578,0.661067219,0.514322711,0.443092483,0.511217815,0.436880356,44.5912056,44.56066132,44.53930664,24.4241333,16.77627182,48.29096222,lengkuas
590.7408383,688.3780202,591.9417502,690.3291386,7.325736148,8.483848484,7.362042869,8.532569192,0.83496212,0.822015011,0.834146181,0.821031627,0.68873546,0.683438853,0.687658354,0.683170064,0.53998883,0.464197739,0.538846401,0.462679077,41.5391655,41.49422836,41.46884155,23.80443192,16.25257874,44.95930099,lengkuas
888.1051592,1012.809682,859.1590096,1015.463157,9.72177333,11.10894566,9.491889371,11.08457382,0.808721732,0.793027989,0.810007261,0.793762111,0.592144724,0.584496613,0.591939772,0.584732868,0.434557136,0.355673526,0.45351647,0.353985445,58.94995117,58.87205887,58.84636307,33.37665558,25.21193695,64.69545746,lengkuas
883.6173022,1023.514922,853.7175269,1012.867667,10.11835708,11.66873595,9.794856898,11.53879619,0.790903206,0.774202253,0.795359245,0.775807885,0.576817559,0.569922257,0.57923679,0.570575286,0.473185664,0.388883759,0.489394081,0.395240981,60.66257858,60.55683136,60.4929924,32.79528809,27.14395523,67.12994003,lengkuas
889.8628493,1023.221529,891.398556,1046.489857,10.27475615,11.72701927,10.26265518,12.02361357,0.787316124,0.771869432,0.788180254,0.768652268,0.572191722,0.565170785,0.573121743,0.564263684,0.468457517,0.38862971,0.466912924,0.374718296,61.49046707,61.38262939,61.31675339,34.68681335,26.74103546,67.84924698,lengkuas
787.7249037,888.3715059,761.3572422,887.9554,9.343390717,10.47098472,9.007101578,10.50591105,0.809880095,0.798328904,0.815777799,0.797517453,0.620088268,0.615973422,0.624306731,0.615947827,0.430126614,0.356070134,0.447177594,0.356371746,52.78551483,52.76040649,52.69301224,25.4341774,20.02939606,57.22601318,lengkuas
814.7644554,912.4338372,779.5494664,910.1305295,9.536509295,10.64943072,9.108541769,10.60575748,0.807851487,0.796777234,0.814118123,0.797000317,0.612050719,0.607849797,0.615803421,0.607786086,0.417172814,0.346741719,0.440911279,0.348390776,54.29229736,54.34204483,54.27793121,27.73656082,19.93942642,59.12004852,lengkuas
538.5170621,578.5430586,516.4808357,636.3061876,5.628264127,6.105223249,5.485598092,6.682687337,0.889987872,0.883738508,0.890452281,0.878296104,0.739254299,0.736071207,0.738974604,0.73496775,0.45211838,0.411847547,0.47469227,0.353105344,34.9732399,35.10229492,35.31153107,19.63147736,12.42480469,37.47275543,lengkuas
566.4547609,631.4638424,527.387315,642.7112565,6.055321979,6.756676024,5.636015472,6.848127879,0.887048898,0.878920894,0.892326308,0.878276036,0.73399783,0.73064034,0.7365216,0.730261062,0.423385127,0.357583674,0.46247473,0.346141178,35.89980698,35.83155441,35.80327988,20.92584991,15.09194565,39.3876152,lengkuas
565.0377247,659.6651667,573.4017857,665.81391,6.076053388,7.07952252,6.187736974,7.177193715,0.883053955,0.871180057,0.880747649,0.869931504,0.728339201,0.722744795,0.726706979,0.722451497,0.469426232,0.381702814,0.461670734,0.375939662,36.75560379,36.70930099,36.68944168,21.32473755,15.68816376,40.53035355,lengkuas
704.760962,819.4247188,710.5118181,814.5297544,8.162006177,9.529505478,8.283428633,9.433113384,0.833257901,0.816500379,0.830779308,0.817733243,0.651176269,0.643510212,0.64886138,0.643758176,0.464705959,0.378709188,0.461465787,0.382420568,48.19041061,48.14319992,48.12955856,26.95145035,18.9445343,52.38126755,lengkuas
645.7567996,760.3489225,651.8889891,740.5658718,7.350595493,8.672573251,7.431980797,8.407914339,0.850404826,0.83439988,0.848786402,0.838019294,0.678627931,0.672084511,0.677863951,0.673090296,0.467215559,0.372946688,0.461764124,0.389279562,44.17218399,44.10188675,44.0748024,23.29374313,17.79263687,48.18980789,lengkuas
999.8490475,1156.674438,898.1652091,1122.017915,12.5592053,14.47525094,11.40937653,14.08827325,0.688679289,0.66738092,0.705532538,0.670998789,0.479477855,0.471715632,0.488062579,0.47251433,0.535369848,0.461905233,0.581546954,0.478027742,73.46609879,73.36097336,73.30367661,36.13533783,25.61967468,78.86369705,lengkuas
1152.616993,1282.80154,1075.284881,1287.954722,14.16973077,15.78772676,13.29974927,15.80378828,0.684004782,0.665582944,0.696296458,0.666195723,0.460881458,0.453119232,0.468542238,0.452990758,0.453843427,0.39105029,0.489126781,0.388614138,80.50465393,80.53620911,80.4926796,42.96863174,26.24298477,86.06531525,lengkuas
1072.97224,1251.477112,1097.234834,1254.030381,13.20824288,15.38278806,13.57358427,15.47611644,0.697002365,0.670292625,0.689847538,0.6692036,0.471581385,0.458721129,0.467423058,0.458642488,0.483490203,0.397577782,0.47220941,0.396355024,79.11456299,79.05867004,79.05431366,43.03617477,26.60229874,84.25717926,lengkuas
691.1098566,832.7581658,726.8005557,860.5486231,8.915843628,10.59310818,9.2905111,10.98887106,0.773820984,0.753937151,0.768299279,0.749092554,0.60433488,0.597027896,0.601119023,0.596116755,0.593997394,0.510751419,0.573509546,0.494418717,54.05981445,54.01132584,53.97283936,28.79682541,19.73953629,58.0667038,lengkuas
1107.683869,1296.629057,1074.652221,1264.510545,12.00371514,14.00846351,11.70538772,13.68982196,0.763200654,0.740824848,0.764813855,0.743231882,0.518650749,0.507159773,0.519321921,0.508059081,0.436228193,0.339912302,0.452649227,0.356248602,75.27929688,75.32069397,75.26925278,41.92494202,29.1762085,81.31317139,lengkuas
867.9297143,1029.400129,869.0582727,1050.489608,10.74747355,12.69049598,10.77871973,12.91543384,0.741757162,0.718671599,0.74119581,0.716311402,0.53650879,0.526280889,0.535151676,0.525867148,0.546376428,0.462835023,0.547331942,0.451830041,65.28880692,65.19746399,65.16688919,33.69294357,24.60142899,70.4575386,lengkuas
820.8989114,983.2320112,815.6438968,975.236086,10.14460005,12.05625744,10.07665729,11.98951444,0.75682502,0.734834717,0.758435709,0.735595425,0.559433046,0.55147925,0.560824047,0.551637642,0.548647389,0.458600323,0.551215512,0.463003141,61.49485016,61.40095139,61.34814072,31.28487778,24.93224335,66.66219711,lengkuas
879.4858656,995.7422038,844.3820481,1015.646218,10.7380825,12.14339712,10.36257797,12.37922649,0.752189677,0.736379205,0.757610562,0.73404379,0.548048747,0.542015867,0.5509331,0.541540619,0.505534674,0.439401963,0.52423877,0.4281961,63.79269028,63.73897552,63.67982101,32.57125092,22.24104691,68.48414993,lengkuas
619.8534583,716.0434281,611.4022214,715.5302178,7.326076321,8.377595061,7.17572774,8.416802938,0.848965646,0.837787301,0.852622336,0.837177251,0.688120101,0.684037262,0.690630391,0.684152432,0.470873116,0.389532799,0.477816661,0.389970339,41.95794296,41.91033936,41.88347626,20.86413574,16.56860352,45.8739357,lengkuas
695.3752293,763.7308336,630.8791318,784.594709,8.263278192,9.073912094,7.527607479,9.289084371,0.828189793,0.819528707,0.838224251,0.81769115,0.661209269,0.658478925,0.666564129,0.658125117,0.467290131,0.413750314,0.514877136,0.397734933,45.81229019,45.78528214,45.74447632,24.38438034,17.80841446,49.67178345,lengkuas
1173.738484,1353.52715,1142.630848,1363.786279,14.46563494,16.59317711,14.15347511,16.72473298,0.67469863,0.651482067,0.678295919,0.649957605,0.449459313,0.438472358,0.451904733,0.437627331,0.475136678,0.393702545,0.488047872,0.389114518,84.91627884,84.94592285,84.86100388,45.09408569,32.47757339,91.96107864,lengkuas
587.681698,691.3345537,580.4668695,691.5953447,7.409093689,8.720340379,7.352617417,8.659525661,0.82725815,0.810984516,0.82662231,0.812148246,0.683143461,0.677076744,0.681733284,0.677319353,0.55636064,0.479009069,0.561807095,0.478812536,42.18457794,42.19165421,42.17599869,24.87011719,15.49820709,45.41846466,lengkuas
444.2027734,519.8008586,455.9138026,538.8125582,5.441880198,6.345862646,5.585968077,6.539060436,0.881099316,0.870286191,0.878861021,0.868714756,0.759472216,0.75521909,0.757995177,0.754995951,0.532786877,0.454260549,0.5204692,0.434300147,31.86040497,31.83227539,31.86081314,21.15839767,9.62827301,33.79792404,lengkuas
711.286624,829.240582,684.5286051,807.3506382,8.699264616,10.04122993,8.312285959,9.811757767,0.807088512,0.79261918,0.81367641,0.794857488,0.631219199,0.626699557,0.635222033,0.627333298,0.503781009,0.421001913,0.521224826,0.436286061,50.13358688,50.11750412,50.10002899,28.42663956,15.8805809,53.20518494,lengkuas
766.3828737,921.3505846,791.4227847,908.6451185,8.857418053,10.56033793,9.124464897,10.45680738,0.815805428,0.796429222,0.812077664,0.79751099,0.615562949,0.607580627,0.613680264,0.608001429,0.481185431,0.376374361,0.464890843,0.384964372,54.42416382,54.47051239,54.42097473,26.80312347,23.44817352,59.08438873,lengkuas
913.3930597,1075.765645,933.2637521,1080.986811,10.84844744,12.69214272,11.10504067,12.76845217,0.768922103,0.749377383,0.766221125,0.747936638,0.556367683,0.547718789,0.554626636,0.547112215,0.478876194,0.387259216,0.469357872,0.384285315,63.76887894,63.77391052,63.77964783,32.43714905,25.63212967,69.58111191,lengkuas
461.3314961,510.430873,416.3125229,521.8052321,5.14180987,5.718582573,4.725087145,5.818934517,0.895510552,0.888876474,0.900482661,0.887831204,0.778201785,0.775383306,0.779843704,0.775139543,0.472322793,0.417235393,0.523816103,0.404249161,29.05643845,29.15161133,29.12503815,15.59959412,11.31134033,31.4705658,lengkuas
418.9238625,479.8543204,386.9366133,486.3669487,5.051958476,5.780017693,4.71297089,5.84404931,0.886240319,0.877567957,0.890554076,0.877061906,0.779955268,0.777088124,0.781926031,0.776963997,0.545526681,0.480369194,0.580228336,0.473316716,28.59041214,28.61052322,28.59713364,15.5394516,9.31539917,30.44313049,lengkuas
959.2192278,1132.276504,913.2359268,1084.96888,11.13838903,13.06942375,10.70013607,12.65094343,0.758406076,0.737805065,0.764000206,0.740951921,0.540270528,0.531876008,0.544112768,0.532933889,0.498134932,0.407330477,0.521348068,0.432092791,66.02924728,65.96920776,65.93320465,35.31198502,27.83231735,71.83296204,lengkuas
769.902382,927.1996814,793.7581412,913.0113396,9.09629556,10.89809705,9.430413711,10.74582282,0.80550696,0.784254847,0.799846701,0.786017492,0.611270846,0.602123034,0.60734152,0.602611589,0.502045311,0.401303143,0.489038007,0.410482221,54.86989212,54.80755615,54.75171661,28.77993393,21.69915771,59.16639328,lengkuas
827.9920919,1005.342224,837.8265044,996.046825,9.756180437,11.73170676,9.921011191,11.71861704,0.781255371,0.758379861,0.777489531,0.757963576,0.577767013,0.568194815,0.576176162,0.568347301,0.540320766,0.441951329,0.53422717,0.44711105,59.5835762,59.46216202,59.42121887,32.13924789,24.78416824,65.73788452,lengkuas
869.9330434,1044.199027,857.5009555,1031.483106,9.52836809,11.3790082,9.430788283,11.23940242,0.803448434,0.782141557,0.803818792,0.783700295,0.585418999,0.575566419,0.583876813,0.576127878,0.491500666,0.390692284,0.49943089,0.398112238,59.86253357,59.79337311,59.75931549,34.83191681,22.81145096,64.87881088,lengkuas
891.8731539,1065.203729,885.1417372,1032.954362,9.927222205,11.77583189,9.911214989,11.46319905,0.790868241,0.770391512,0.790397251,0.772872834,0.571395544,0.562526009,0.570136725,0.563503433,0.501605429,0.405162412,0.506027346,0.423164255,62.02263641,61.96960449,61.94420624,34.81843185,22.30300522,66.80971146,lengkuas
805.9841877,1045.287376,857.8891496,928.751326,10.03716289,12.75460419,10.61439732,11.5608128,0.750781971,0.721402769,0.74373743,0.731527045,0.558641568,0.548653287,0.555815094,0.551530516,0.59830801,0.479871586,0.573124269,0.537859191,61.21373367,61.10717773,61.04880905,36.00986862,19.67121506,65.287323,lengkuas
601.580166,709.8710406,587.2535011,694.1109294,7.311957253,8.535659713,7.09012659,8.381348111,0.834144764,0.820876922,0.837971539,0.822139004,0.683693509,0.679388826,0.685626662,0.679613717,0.536179687,0.45326715,0.546917706,0.465405369,42.26941299,42.21328735,42.19081116,21.84022141,16.19681549,45.93595505,lengkuas
545.674799,642.412732,558.5625076,671.5371763,6.849685818,8.074360163,7.03425422,8.399925705,0.831056154,0.8147258,0.827943075,0.811703066,0.689926237,0.684052058,0.688462081,0.683668516,0.594667328,0.523626018,0.585209247,0.502029112,41.2526741,41.19316101,41.20286179,20.21409225,15.96506119,44.88772202,lengkuas
475.9547571,592.9017658,484.2814679,564.8605972,6.03473199,7.399420192,6.10476165,7.112641266,0.846992212,0.832050786,0.846748438,0.834918195,0.725005442,0.721876152,0.725887688,0.72236372,0.625248945,0.531465791,0.616744588,0.553633496,36.48540115,36.42264938,36.40062714,18.1284256,15.80454636,39.92593765,lengkuas
802.8417854,899.3460426,758.4412763,894.1346809,9.285997126,10.35732859,8.758454623,10.31805944,0.815362798,0.804203244,0.823009151,0.803857246,0.618711259,0.614525579,0.623526372,0.614397796,0.413087565,0.341200371,0.443501213,0.345040605,53.24248886,53.2114563,53.16584015,25.50907898,20.62202835,57.91192245,lengkuas
732.4453278,819.1884682,684.3657045,809.1011677,8.270417992,9.188299677,7.717702727,9.095959345,0.838905592,0.829544535,0.847372575,0.83059609,0.655401406,0.652147735,0.660388782,0.652528904,0.407111996,0.336056957,0.444381298,0.344258341,47.51030731,47.4895134,47.42539978,23.54613495,19.7601738,51.86623001,lengkuas
797.7754327,944.1036799,767.6556958,870.3598523,8.534789322,10.02347954,8.176197866,9.293817809,0.841151201,0.826034026,0.846081909,0.832232626,0.63500742,0.629146719,0.637889257,0.630660969,0.397533089,0.286882544,0.419117918,0.342584064,51.90340424,51.94626236,51.85970306,28.6967659,22.96813202,57.14073944,lengkuas
711.9395257,781.7834529,655.7505389,802.2223452,7.98624786,8.73809077,7.364401144,8.985700116,0.844170549,0.836062775,0.85268097,0.833400359,0.661888138,0.658946643,0.666693903,0.658059205,0.411213979,0.352419936,0.455843267,0.335489648,46.57320786,46.61038971,46.56422806,22.23342896,18.83289719,50.9646759,lengkuas
677.667533,777.7622482,664.7046844,765.6716005,7.727372798,8.797913611,7.512444961,8.685659139,0.845487151,0.834485541,0.850666826,0.835763182,0.664424563,0.660207316,0.668089211,0.660743975,0.425094775,0.340258387,0.435149752,0.350514353,46.07655334,46.15180588,46.08999252,23.53791046,15.86263657,49.30990601,lengkuas
448.8793496,526.4744927,433.2739114,511.8573075,5.167074364,6.032865989,5.00102434,5.879664983,0.894776358,0.885131971,0.897389386,0.88671867,0.768028005,0.764571455,0.769325726,0.765096501,0.479459991,0.390598028,0.497556735,0.407517635,30.78522491,30.78917313,30.745121,18.38021088,12.13267899,33.4700737,lengkuas
438.1215524,507.2871198,426.649286,498.4308041,5.081717833,5.858441106,4.930742417,5.760455881,0.89700348,0.888257321,0.899806266,0.889086376,0.773402762,0.770283574,0.774771948,0.770442598,0.472776014,0.390667882,0.486581439,0.401305719,29.9964447,29.99670029,29.95748138,16.72969818,10.64537048,32.21010208,lengkuas
421.8237983,473.0365003,413.2126575,491.2121277,4.943508439,5.516936593,4.811238686,5.729512372,0.897941996,0.891392689,0.901168557,0.889386174,0.781266895,0.778968855,0.783024224,0.778551663,0.475813979,0.413255722,0.486514749,0.390711065,28.78710175,28.77574158,28.73098755,15.36915588,11.6063385,31.31508255,lengkuas
415.9893056,491.281291,423.0918695,495.3368668,4.800467833,5.625560564,4.830815802,5.633334738,0.902303162,0.893185592,0.903605265,0.893716317,0.778187392,0.775163092,0.779476353,0.775192011,0.487772133,0.396178629,0.479026401,0.391194024,29.42895889,29.40999603,29.36787796,16.67801285,10.99577332,31.75226593,lengkuas
323.8189212,380.9920918,324.8276969,383.4912703,3.897963552,4.558882664,3.871957559,4.570287338,0.914541074,0.907036789,0.916750749,0.907202812,0.823644018,0.821050423,0.825069031,0.821109494,0.5333331,0.451956285,0.531879318,0.448361305,22.92820358,22.88100433,22.85788345,11.72887421,8.418964386,24.60959625,lengkuas
328.2059075,378.1576817,319.2559091,376.9760303,4.004403131,4.627387303,3.896067759,4.581492871,0.911710713,0.904437927,0.914025275,0.905269652,0.825665236,0.823524882,0.826904232,0.823680568,0.542116908,0.473402598,0.554603134,0.475048088,22.62161636,22.57983017,22.58832169,11.20995712,7.922916412,24.41637039,lengkuas
329.7596242,372.435461,310.2683846,391.8667438,3.844437989,4.322532466,3.612295132,4.537995795,0.917915118,0.912255165,0.921870896,0.910311782,0.827373428,0.825234721,0.829232647,0.825052268,0.517861063,0.456477856,0.54635905,0.428120372,22.46947479,22.42330933,22.39783859,11.8302803,7.978221893,24.19614792,lengkuas
344.7476914,408.2305215,339.7178021,389.5572474,4.211312072,4.97816721,4.156028315,4.776268473,0.906588739,0.897720234,0.908124753,0.899692078,0.81839239,0.81565778,0.81935425,0.815982497,0.542027541,0.458692833,0.548709386,0.483453297,23.57801819,23.54995728,23.53597641,11.61752701,8.310932159,25.52125931,lengkuas
334.2761818,372.1014549,323.7396725,394.6952869,3.824600966,4.248405911,3.686521526,4.510790017,0.921219365,0.916098233,0.923990989,0.913735913,0.828028198,0.825856265,0.829519659,0.825534376,0.495005636,0.438911747,0.510923245,0.404842722,22.39881897,22.36003494,22.34309006,11.44139099,7.871627808,24.11433411,lengkuas
491.9497233,566.8155759,479.6746652,566.554425,6.152252018,7.038905335,5.949600966,7.059202439,0.861387139,0.85187752,0.866727092,0.851533394,0.735677453,0.733163836,0.739236889,0.732989968,0.526949598,0.454833327,0.537823263,0.455084504,34.8312149,34.78788376,34.77794647,18.48880386,12.12713242,37.37446213,lengkuas
556.8654217,625.4691886,490.0880473,618.1668805,6.65715203,7.465458542,5.894439518,7.367343109,0.856158281,0.846828662,0.866374324,0.84804885,0.719104676,0.716121987,0.723587934,0.716362348,0.506133698,0.445903621,0.565062192,0.452372657,37.0955162,37.10924911,37.10493088,19.0411377,11.46710968,39.33685303,lengkuas
513.1324303,580.4602004,456.5764968,560.2227473,6.32167319,7.140942322,5.651648116,6.894926107,0.855865007,0.846612945,0.866304357,0.849034123,0.731994616,0.729579972,0.737068907,0.730181309,0.52140081,0.459139371,0.573817018,0.477996205,35.06869507,35.03332901,35.07603836,18.11812973,11.31353378,37.46445847,lengkuas
528.1499281,592.2442431,485.0644455,604.6827984,6.414635824,7.167041333,5.893701841,7.291213652,0.860471625,0.852591211,0.868687432,0.851295762,0.729125086,0.726915348,0.733295301,0.726623872,0.508018686,0.448385806,0.54740397,0.43680058,35.73529816,35.72206116,35.70911026,19.12815475,12.65943909,38.4945488,lengkuas
485.6107433,553.1320729,433.8347373,533.7310136,6.097014127,6.935359469,5.479016328,6.715354184,0.856896709,0.84741707,0.867308551,0.849883179,0.738303787,0.736193205,0.743390128,0.73642938,0.535414503,0.471198961,0.584514434,0.489746612,34.17865372,34.14968109,34.1683197,17.84804535,10.72249603,36.50932693,lengkuas
541.2946505,612.3646049,481.9321948,603.574657,6.535362647,7.353472145,5.829760886,7.253372957,0.856648101,0.847183542,0.866085805,0.848471743,0.722282939,0.719703459,0.726754495,0.719902729,0.510893749,0.446977689,0.56399402,0.454915831,36.61969376,36.59859467,36.58207321,20.45463562,11.67829132,38.9017334,lengkuas
402.8373288,456.9274053,391.0963758,462.4229725,4.963735323,5.615454138,4.779831978,5.649239242,0.890142286,0.882574357,0.893812165,0.882788417,0.788405149,0.78612114,0.790527459,0.786207512,0.534021539,0.471645621,0.546943124,0.465290986,27.59516907,27.54440689,27.52539444,15.03935242,9.724567413,29.63123322,lengkuas
390.3189212,440.360894,372.3626277,450.075218,4.82093169,5.436540914,4.596307027,5.543418568,0.891696229,0.884331911,0.895393743,0.883099919,0.793509279,0.791127858,0.795618123,0.790989845,0.543595776,0.485160774,0.563865703,0.473803464,26.8752861,26.82792282,26.81671143,14.70254135,9.177501678,28.84825134,lengkuas
407.9484161,462.7413345,385.9637124,465.3604191,5.074341059,5.723155166,4.78130351,5.75543139,0.886555786,0.878990614,0.891430591,0.879267731,0.784690547,0.78205147,0.786936027,0.782181289,0.535815093,0.474424722,0.560830431,0.471450001,28.03404999,27.97128296,27.95833206,14.75873947,10.95671082,30.44404602,lengkuas
536.9657458,605.781764,507.6072805,615.7760425,6.210058403,6.974927333,5.857578584,7.053588183,0.872705324,0.864318372,0.878133306,0.863874084,0.730009663,0.727097318,0.732740645,0.727148702,0.476228047,0.40942125,0.504232685,0.399677793,36.07485199,36.03774261,35.99020004,21.40727234,14.48155594,39.27256012,lengkuas
545.3074012,626.9211515,523.8769569,629.4457589,6.359856592,7.228281142,6.107930223,7.31874495,0.870934981,0.861490682,0.87461147,0.860318662,0.715871368,0.711911548,0.717404921,0.711469215,0.466064951,0.387265575,0.487048465,0.384798097,38.38925171,38.33174515,38.30381393,22.65534973,18.00426102,42.50728989,lengkuas
553.446054,632.568518,526.2938784,629.7555539,6.361851761,7.244557121,6.047096685,7.170966717,0.871455337,0.861801188,0.875790355,0.862911377,0.723827601,0.720097914,0.725729172,0.720282072,0.467362572,0.392318851,0.493493872,0.395021143,37.00593567,36.93057632,36.90732956,24.22542572,15.06838226,40.30609512,lengkuas
532.7749664,610.9001268,514.8772933,604.5231598,6.231645976,7.075616285,5.966403192,7.006483584,0.873555523,0.86504087,0.878322072,0.865532261,0.722838842,0.719703628,0.725323302,0.719841262,0.455078097,0.376184125,0.473280456,0.382695914,37.25960541,37.22090912,37.2075882,21.85147476,16.94889069,41.54547119,lengkuas
511.5120092,576.7171196,467.7268262,567.4223559,5.812851639,6.507316531,5.306143744,6.40928535,0.886716835,0.879265058,0.894394339,0.880344607,0.741385043,0.738909284,0.745194299,0.73904701,0.426441794,0.353377396,0.474612447,0.363798804,34.71807861,34.68060684,34.6282692,20.49952316,14.51931,38.01839828,lengkuas
403.1253899,458.1999533,383.0871988,463.3013048,4.88875214,5.534323168,4.631757583,5.585203794,0.893764692,0.886938662,0.898581298,0.886213781,0.791481444,0.789522207,0.793930917,0.789274435,0.530118272,0.465735357,0.552498507,0.459787142,27.37498474,27.3063736,27.30157471,15.6546402,10.99006271,29.71144104,lengkuas
412.6658283,490.8388218,402.6813769,473.7721746,4.855201199,5.738887336,4.720125978,5.544027482,0.894922623,0.885227351,0.897947118,0.88746798,0.78476727,0.781753319,0.786351053,0.78209733,0.541396555,0.455282183,0.552298094,0.474222223,28.17162323,28.09435654,28.1063385,16.05918503,9.461170197,30.14608383,lengkuas
401.7576367,454.4285753,384.1745046,451.2230499,4.726830051,5.317756902,4.507422639,5.287341884,0.904268596,0.897836335,0.907644299,0.89804382,0.800509842,0.798017886,0.801923886,0.798028581,0.46855957,0.399998498,0.491818337,0.404230891,26.10469437,26.03174973,26.0270462,14.42662811,9.829673767,28.29361343,lengkuas
396.8066139,447.425929,380.382522,454.1885103,4.676270487,5.262058586,4.466074486,5.341676847,0.902875699,0.896397524,0.906842912,0.895813258,0.798166707,0.795865002,0.800327376,0.795718148,0.500201229,0.437483337,0.520888235,0.428981227,26.39158249,26.3396759,26.33519745,14.81232071,10.49152756,28.65809631,lengkuas
395.4232051,450.2212997,371.7107617,444.2993784,4.695557118,5.316531416,4.422746453,5.256857932,0.903103824,0.896204886,0.906659113,0.896754605,0.802526634,0.799996017,0.803927302,0.80011252,0.487289649,0.417315252,0.51803548,0.424979513,25.81679916,25.74224091,25.74985123,13.02505493,9.64825058,27.9486351,lengkuas
407.9483779,455.6829286,367.1270793,457.4765262,4.735750978,5.284377741,4.283619741,5.302928527,0.903842987,0.897470751,0.909939081,0.897607325,0.798003405,0.795724685,0.800621604,0.795756232,0.475036709,0.414694593,0.527567089,0.412390793,26.43179321,26.37538528,26.36039352,14.3049469,9.917976379,28.57033157,lengkuas
244.7575908,286.0083103,226.4231287,270.663363,2.941719667,3.39816407,2.704416891,3.256260508,0.938904016,0.934299888,0.942709492,0.935453208,0.87807413,0.876703919,0.880183064,0.876920564,0.51798735,0.437811677,0.554094269,0.467974263,15.48303986,15.47247696,15.44437408,9.214233398,5.765399933,16.71232605,lengkuas
236.6866591,259.6615209,224.883768,277.8373551,2.881979269,3.15605409,2.712130015,3.347467266,0.939046102,0.935828063,0.941930672,0.934104829,0.879189466,0.878087411,0.880897957,0.877720024,0.520451782,0.474893508,0.544365489,0.438137009,15.36227036,15.33342743,15.31144714,8.82270813,5.711872101,16.69034195,lengkuas
540.1788619,607.3307892,505.2594599,610.4980718,6.654079012,7.474737765,6.210589683,7.489481888,0.854488624,0.845407044,0.862064435,0.845677767,0.720071564,0.717440051,0.724438985,0.717612596,0.49993626,0.437364602,0.531111629,0.434404868,37.03119659,36.97175598,36.96509552,19.7959404,13.48490143,39.73577499,lengkuas
620.6929351,689.0300704,538.9302799,668.9781327,7.104367967,7.882609978,6.209412457,7.670777149,0.858426812,0.849853771,0.87026461,0.851777206,0.703300399,0.700943161,0.709513629,0.701151187,0.431554798,0.367521796,0.504408653,0.385927979,40.01495361,39.9809494,39.93648529,20.77494431,16.44111252,43.68912125,lengkuas
499.2407886,554.9837776,446.5365284,541.162576,5.858197774,6.506596559,5.278417778,6.397260274,0.872152994,0.86523327,0.88081944,0.865642428,0.746003328,0.743912892,0.750329371,0.744105299,0.513005054,0.458676776,0.563670083,0.472157778,33.29515839,33.30909348,33.28532791,17.62611008,11.22511673,35.44465637,lengkuas
528.8101532,594.5478801,481.2870024,598.3314134,6.853068432,7.695746416,6.263014463,7.75329062,0.834670005,0.825211015,0.84447182,0.824861467,0.710192302,0.708149445,0.715421586,0.70806864,0.564016534,0.50929194,0.602084091,0.506169214,37.89491653,37.84088516,37.83712769,20.60905457,11.37416077,40.06364441,lengkuas
682.7416142,778.4237767,659.6421195,797.3710464,7.449983182,8.433511667,7.135476547,8.633441968,0.855088624,0.84485291,0.860511278,0.843289029,0.673329234,0.669778387,0.677558054,0.669273799,0.449556385,0.37155101,0.466486015,0.35625421,44.95489502,44.89173508,44.8538208,25.58998871,19.9733696,49.37871933,lengkuas
691.0722389,768.6547463,654.5588154,779.4314054,7.518124694,8.347164724,7.143713307,8.438547646,0.859338322,0.850223829,0.863689096,0.850079918,0.679035924,0.675122009,0.681695093,0.675133814,0.417981536,0.352676571,0.447761309,0.343600995,44.37895584,44.25563431,44.22266769,24.80031204,20.56004715,49.30110931,lengkuas
654.4939381,729.4147273,612.0777543,760.4597754,7.203698324,8.025187557,6.706331794,8.282715676,0.854919064,0.845475207,0.861845204,0.843706827,0.684787273,0.681344131,0.688612739,0.680604696,0.474717047,0.413833343,0.507241527,0.388885161,42.89573288,42.87506104,42.84117126,23.6818924,18.03149796,46.77960205,lengkuas
651.0427547,750.9821577,633.7917609,748.2427074,7.142398483,8.147686322,6.891802226,8.141842288,0.862065679,0.851844748,0.867075412,0.852005,0.688804639,0.685124281,0.692416138,0.685189582,0.442455324,0.356419278,0.455862798,0.358766947,42.65808105,42.64022446,42.60977173,23.59779739,19.93647003,47.24285126,lengkuas
325.3230262,376.5863106,314.127752,370.0319699,3.759104391,4.326469338,3.604322101,4.280299172,0.922859533,0.916599864,0.926100428,0.91682956,0.833312839,0.831337211,0.835173264,0.831364122,0.484894729,0.404841401,0.50262094,0.415199908,21.64347839,21.60912323,21.59329605,11.23135376,8.817668915,23.55960464,lengkuas
311.9194135,347.8916824,292.596846,361.2030821,3.73465784,4.16333424,3.489718383,4.281670184,0.921207228,0.916038316,0.925053163,0.915350462,0.840929078,0.839140303,0.842772166,0.839141788,0.501506425,0.445054007,0.532386759,0.423820076,20.51354599,20.49378586,20.47528839,11.28419113,6.949642181,22.00278473,lengkuas
310.0543129,362.424041,302.6305345,352.4501668,3.646587573,4.235461721,3.519538894,4.116650901,0.922612987,0.91644092,0.925219482,0.917485481,0.838435429,0.836372208,0.839913562,0.836544884,0.523562416,0.444128637,0.534969988,0.459426163,20.89054489,20.85136795,20.84109116,10.86377335,7.542610168,22.45599747,lengkuas
310.0796692,355.8579203,295.7863488,348.1678762,3.622920744,4.139061967,3.440488931,4.049402384,0.923202713,0.917813796,0.926414521,0.918766797,0.839298259,0.837637571,0.840925713,0.83777987,0.518172055,0.448070314,0.540382222,0.459997444,20.80774307,20.75910568,20.74891281,11.24028397,8.912693024,22.71914291,lengkuas
735.4236867,814.5527591,675.5626949,844.8668893,8.677661754,9.661440482,8.005782932,9.922476553,0.814626345,0.802530071,0.823476138,0.800384211,0.637425284,0.632806781,0.641903258,0.632083195,0.487310439,0.431866121,0.527992783,0.410722636,49.44932556,49.42761993,49.42268753,26.09067154,16.67986679,52.98548126,lengkuas
683.4424765,746.659361,629.9606126,779.687237,8.12602434,8.837699764,7.502641114,9.241282777,0.829560017,0.822155757,0.837736908,0.81783135,0.661578055,0.658777522,0.665585933,0.657712741,0.471592387,0.422137626,0.511598405,0.396576349,45.85152054,45.83465958,45.80168915,24.11925888,15.81627655,49.01620102,lengkuas
766.5166111,851.8701828,708.927593,854.7636996,8.841525501,9.798300405,8.185038527,9.840962619,0.818999383,0.808767364,0.828589572,0.808131613,0.628807818,0.624919031,0.634104251,0.62481481,0.450650448,0.388840249,0.490502982,0.386764344,51.27709961,51.32907867,51.26229477,26.74355698,20.0535202,55.33776855,lengkuas
182.3232556,216.0910383,173.8260993,209.3160565,2.114848337,2.474844995,1.972075281,2.416527204,0.95565137,0.951819147,0.958761077,0.952282286,0.904383137,0.903318759,0.906036091,0.903413241,0.537648545,0.453060773,0.559196386,0.470208653,12.19687653,12.15593338,12.14285278,6.597362518,5.063591003,13.32755661,lengkuas
184.1203828,214.2328499,170.026006,218.926804,2.120443982,2.449385534,1.93240888,2.494935298,0.955018342,0.951235089,0.95811694,0.950758541,0.902835238,0.901837218,0.904679614,0.901746175,0.538714768,0.464294464,0.574026056,0.452556875,12.38618469,12.34991837,12.34383011,6.512405396,4.774089813,13.41859055,lengkuas
249.7395655,290.9567442,243.0780486,293.8639175,3.111553633,3.614822247,3.015800819,3.641315712,0.927877524,0.922081898,0.930369507,0.921785738,0.866244468,0.864689527,0.867633619,0.864675624,0.584227835,0.516510393,0.595318081,0.511679475,17.09339905,17.08382034,17.072258,9.881130219,5.306018829,18.20797348,lengkuas
236.5647857,269.0742376,222.5266558,272.9134539,2.94220126,3.340236902,2.768247003,3.365367014,0.931844105,0.927200412,0.935092058,0.927233037,0.869886397,0.868660243,0.871523752,0.868728333,0.576459453,0.519155405,0.601593021,0.512294598,16.66642761,16.65755081,16.65434647,9.434516907,4.827335358,17.66140747,lengkuas
241.9266068,274.1558588,228.5109696,279.154752,2.957619863,3.365144895,2.788703217,3.393223831,0.933886446,0.928916145,0.937253784,0.929133498,0.87071981,0.869224603,0.872425229,0.86943427,0.550595985,0.491582396,0.575516937,0.482362029,16.55986023,16.54957962,16.54550934,9.317985535,4.90221405,17.57327271,lengkuas
